--------------------------------------------------------
--  File created - czwartek-stycznia-19-2023   
--------------------------------------------------------
--------------------------------------------------------
--  DDL for Sequence AUTOR_SEQ
--------------------------------------------------------

   CREATE SEQUENCE  "BIBLIOTEKA"."AUTOR_SEQ"  MINVALUE 1 MAXVALUE 9999999999999999999999999999 INCREMENT BY 1 START WITH 61 CACHE 20 NOORDER  NOCYCLE ;
--------------------------------------------------------
--  DDL for Sequence CZYTELNIK_SEQ
--------------------------------------------------------

   CREATE SEQUENCE  "BIBLIOTEKA"."CZYTELNIK_SEQ"  MINVALUE 1 MAXVALUE 9999999999999999999999999999 INCREMENT BY 1 START WITH 41 CACHE 20 NOORDER  NOCYCLE ;
--------------------------------------------------------
--  DDL for Sequence KARA_SEQ
--------------------------------------------------------

   CREATE SEQUENCE  "BIBLIOTEKA"."KARA_SEQ"  MINVALUE 1 MAXVALUE 9999999999999999999999999999 INCREMENT BY 1 START WITH 21 CACHE 20 NOORDER  NOCYCLE ;
--------------------------------------------------------
--  DDL for Sequence KATEGORIA_SEQ
--------------------------------------------------------

   CREATE SEQUENCE  "BIBLIOTEKA"."KATEGORIA_SEQ"  MINVALUE 1 MAXVALUE 9999999999999999999999999999 INCREMENT BY 1 START WITH 41 CACHE 20 NOORDER  NOCYCLE ;
--------------------------------------------------------
--  DDL for Sequence KSIAZKA_AUTOR_SEQ
--------------------------------------------------------

   CREATE SEQUENCE  "BIBLIOTEKA"."KSIAZKA_AUTOR_SEQ"  MINVALUE 1 MAXVALUE 9999999999999999999999999999 INCREMENT BY 1 START WITH 61 CACHE 20 NOORDER  NOCYCLE ;
--------------------------------------------------------
--  DDL for Sequence KSIAZKA_SEQ
--------------------------------------------------------

   CREATE SEQUENCE  "BIBLIOTEKA"."KSIAZKA_SEQ"  MINVALUE 1 MAXVALUE 9999999999999999999999999999 INCREMENT BY 1 START WITH 61 CACHE 20 NOORDER  NOCYCLE ;
--------------------------------------------------------
--  DDL for Sequence RODZAJ_KARY_SEQ
--------------------------------------------------------

   CREATE SEQUENCE  "BIBLIOTEKA"."RODZAJ_KARY_SEQ"  MINVALUE 1 MAXVALUE 9999999999999999999999999999 INCREMENT BY 1 START WITH 21 CACHE 20 NOORDER  NOCYCLE ;
--------------------------------------------------------
--  DDL for Sequence ROLA_SEQ
--------------------------------------------------------

   CREATE SEQUENCE  "BIBLIOTEKA"."ROLA_SEQ"  MINVALUE 1 MAXVALUE 9999999999999999999999999999 INCREMENT BY 1 START WITH 41 CACHE 20 NOORDER  NOCYCLE ;
--------------------------------------------------------
--  DDL for Sequence STAN_EGZEMPLARZA_SEQ
--------------------------------------------------------

   CREATE SEQUENCE  "BIBLIOTEKA"."STAN_EGZEMPLARZA_SEQ"  MINVALUE 1 MAXVALUE 9999999999999999999999999999 INCREMENT BY 1 START WITH 21 CACHE 20 NOORDER  NOCYCLE ;
--------------------------------------------------------
--  DDL for Sequence UZYTKOWNIK_SEQ
--------------------------------------------------------

   CREATE SEQUENCE  "BIBLIOTEKA"."UZYTKOWNIK_SEQ"  MINVALUE 1 MAXVALUE 9999999999999999999999999999 INCREMENT BY 1 START WITH 41 CACHE 20 NOORDER  NOCYCLE ;
--------------------------------------------------------
--  DDL for Sequence WYDAWNICTWO_SEQ
--------------------------------------------------------

   CREATE SEQUENCE  "BIBLIOTEKA"."WYDAWNICTWO_SEQ"  MINVALUE 1 MAXVALUE 9999999999999999999999999999 INCREMENT BY 1 START WITH 65 CACHE 20 NOORDER  NOCYCLE ;
--------------------------------------------------------
--  DDL for Sequence WYPOZYCZENIE_SEQ
--------------------------------------------------------

   CREATE SEQUENCE  "BIBLIOTEKA"."WYPOZYCZENIE_SEQ"  MINVALUE 1 MAXVALUE 9999999999999999999999999999 INCREMENT BY 1 START WITH 61 CACHE 20 NOORDER  NOCYCLE ;
--------------------------------------------------------
--  DDL for Table AUTOR
--------------------------------------------------------

  CREATE TABLE "BIBLIOTEKA"."AUTOR" 
   (	"ID_AUTOR" NUMBER(*,0), 
	"IMIE" VARCHAR2(50 BYTE), 
	"NAZWISKO" VARCHAR2(100 BYTE), 
	"DATA_URODZENIA" DATE DEFAULT NULL
   ) SEGMENT CREATION IMMEDIATE 
  PCTFREE 10 PCTUSED 40 INITRANS 1 MAXTRANS 255 NOCOMPRESS LOGGING
  STORAGE(INITIAL 65536 NEXT 1048576 MINEXTENTS 1 MAXEXTENTS 2147483645
  PCTINCREASE 0 FREELISTS 1 FREELIST GROUPS 1 BUFFER_POOL DEFAULT FLASH_CACHE DEFAULT CELL_FLASH_CACHE DEFAULT)
  TABLESPACE "SYSTEM" ;
--------------------------------------------------------
--  DDL for Table CZYTELNIK
--------------------------------------------------------

  CREATE TABLE "BIBLIOTEKA"."CZYTELNIK" 
   (	"ID_CZYTELNIK" NUMBER(*,0), 
	"IMIE" VARCHAR2(100 BYTE), 
	"NAZWISKO" VARCHAR2(100 BYTE), 
	"DATA_URODZENIA" DATE, 
	"PESEL" VARCHAR2(11 BYTE) DEFAULT NULL, 
	"ULICA" VARCHAR2(50 BYTE), 
	"NR_DOMU" VARCHAR2(6 BYTE), 
	"KOD_POCZTOWY" VARCHAR2(6 BYTE), 
	"MIEJSCOWOSC" VARCHAR2(50 BYTE), 
	"EMAIL" VARCHAR2(50 BYTE), 
	"NR_TEL" VARCHAR2(11 BYTE) DEFAULT NULL
   ) SEGMENT CREATION IMMEDIATE 
  PCTFREE 10 PCTUSED 40 INITRANS 1 MAXTRANS 255 NOCOMPRESS LOGGING
  STORAGE(INITIAL 65536 NEXT 1048576 MINEXTENTS 1 MAXEXTENTS 2147483645
  PCTINCREASE 0 FREELISTS 1 FREELIST GROUPS 1 BUFFER_POOL DEFAULT FLASH_CACHE DEFAULT CELL_FLASH_CACHE DEFAULT)
  TABLESPACE "SYSTEM" ;
--------------------------------------------------------
--  DDL for Table EGZEMPLARZ
--------------------------------------------------------

  CREATE TABLE "BIBLIOTEKA"."EGZEMPLARZ" 
   (	"ISBN" VARCHAR2(13 BYTE), 
	"ID_KSIAZKA" NUMBER(*,0), 
	"OPIS" VARCHAR2(500 BYTE) DEFAULT NULL, 
	"ID_STAN" NUMBER(*,0) DEFAULT NULL
   ) SEGMENT CREATION IMMEDIATE 
  PCTFREE 10 PCTUSED 40 INITRANS 1 MAXTRANS 255 NOCOMPRESS LOGGING
  STORAGE(INITIAL 65536 NEXT 1048576 MINEXTENTS 1 MAXEXTENTS 2147483645
  PCTINCREASE 0 FREELISTS 1 FREELIST GROUPS 1 BUFFER_POOL DEFAULT FLASH_CACHE DEFAULT CELL_FLASH_CACHE DEFAULT)
  TABLESPACE "SYSTEM" ;
--------------------------------------------------------
--  DDL for Table KARA
--------------------------------------------------------

  CREATE TABLE "BIBLIOTEKA"."KARA" 
   (	"ID_KARA" NUMBER(*,0), 
	"ID_WYPOZYCZENIE" NUMBER(*,0), 
	"ID_RODZAJ" NUMBER(*,0), 
	"KWOTA" NUMBER(*,0), 
	"DATA_WYSTAWIENIA" DATE, 
	"TERMIN_ZAPLATY" DATE, 
	"DATA_ZAPLATY" DATE DEFAULT NULL
   ) SEGMENT CREATION IMMEDIATE 
  PCTFREE 10 PCTUSED 40 INITRANS 1 MAXTRANS 255 NOCOMPRESS LOGGING
  STORAGE(INITIAL 65536 NEXT 1048576 MINEXTENTS 1 MAXEXTENTS 2147483645
  PCTINCREASE 0 FREELISTS 1 FREELIST GROUPS 1 BUFFER_POOL DEFAULT FLASH_CACHE DEFAULT CELL_FLASH_CACHE DEFAULT)
  TABLESPACE "SYSTEM" ;
--------------------------------------------------------
--  DDL for Table KATEGORIA
--------------------------------------------------------

  CREATE TABLE "BIBLIOTEKA"."KATEGORIA" 
   (	"ID_KATEGORIA" NUMBER(*,0), 
	"NAZWA" VARCHAR2(50 BYTE)
   ) SEGMENT CREATION IMMEDIATE 
  PCTFREE 10 PCTUSED 40 INITRANS 1 MAXTRANS 255 NOCOMPRESS LOGGING
  STORAGE(INITIAL 65536 NEXT 1048576 MINEXTENTS 1 MAXEXTENTS 2147483645
  PCTINCREASE 0 FREELISTS 1 FREELIST GROUPS 1 BUFFER_POOL DEFAULT FLASH_CACHE DEFAULT CELL_FLASH_CACHE DEFAULT)
  TABLESPACE "SYSTEM" ;
--------------------------------------------------------
--  DDL for Table KSIAZKA
--------------------------------------------------------

  CREATE TABLE "BIBLIOTEKA"."KSIAZKA" 
   (	"ID_KSIAZKA" NUMBER(*,0), 
	"TYTUL" VARCHAR2(50 BYTE), 
	"ROK_WYDANIA" CHAR(4 BYTE) DEFAULT NULL, 
	"MIEJSCE_WYDANIA" VARCHAR2(50 BYTE) DEFAULT NULL, 
	"ID_WYDAWNICTWO" NUMBER(*,0), 
	"ID_KATEGORIA" NUMBER(*,0), 
	"OPIS" VARCHAR2(500 BYTE) DEFAULT NULL
   ) SEGMENT CREATION IMMEDIATE 
  PCTFREE 10 PCTUSED 40 INITRANS 1 MAXTRANS 255 NOCOMPRESS LOGGING
  STORAGE(INITIAL 65536 NEXT 1048576 MINEXTENTS 1 MAXEXTENTS 2147483645
  PCTINCREASE 0 FREELISTS 1 FREELIST GROUPS 1 BUFFER_POOL DEFAULT FLASH_CACHE DEFAULT CELL_FLASH_CACHE DEFAULT)
  TABLESPACE "SYSTEM" ;
--------------------------------------------------------
--  DDL for Table KSIAZKA_AUTOR
--------------------------------------------------------

  CREATE TABLE "BIBLIOTEKA"."KSIAZKA_AUTOR" 
   (	"ID_KSIAZKA_AUTOR" NUMBER(*,0), 
	"ID_KSIAZKA" NUMBER(*,0), 
	"ID_AUTOR" NUMBER(*,0)
   ) SEGMENT CREATION IMMEDIATE 
  PCTFREE 10 PCTUSED 40 INITRANS 1 MAXTRANS 255 NOCOMPRESS LOGGING
  STORAGE(INITIAL 65536 NEXT 1048576 MINEXTENTS 1 MAXEXTENTS 2147483645
  PCTINCREASE 0 FREELISTS 1 FREELIST GROUPS 1 BUFFER_POOL DEFAULT FLASH_CACHE DEFAULT CELL_FLASH_CACHE DEFAULT)
  TABLESPACE "SYSTEM" ;
--------------------------------------------------------
--  DDL for Table RODZAJ_KARY
--------------------------------------------------------

  CREATE TABLE "BIBLIOTEKA"."RODZAJ_KARY" 
   (	"ID_RODZAJ" NUMBER(*,0), 
	"NAZWA" VARCHAR2(50 BYTE), 
	"KWOTA" NUMBER(10,2)
   ) SEGMENT CREATION IMMEDIATE 
  PCTFREE 10 PCTUSED 40 INITRANS 1 MAXTRANS 255 NOCOMPRESS LOGGING
  STORAGE(INITIAL 65536 NEXT 1048576 MINEXTENTS 1 MAXEXTENTS 2147483645
  PCTINCREASE 0 FREELISTS 1 FREELIST GROUPS 1 BUFFER_POOL DEFAULT FLASH_CACHE DEFAULT CELL_FLASH_CACHE DEFAULT)
  TABLESPACE "SYSTEM" ;
--------------------------------------------------------
--  DDL for Table ROLA
--------------------------------------------------------

  CREATE TABLE "BIBLIOTEKA"."ROLA" 
   (	"ID_ROLA" NUMBER(*,0), 
	"NAZWA" VARCHAR2(100 BYTE)
   ) SEGMENT CREATION IMMEDIATE 
  PCTFREE 10 PCTUSED 40 INITRANS 1 MAXTRANS 255 NOCOMPRESS LOGGING
  STORAGE(INITIAL 65536 NEXT 1048576 MINEXTENTS 1 MAXEXTENTS 2147483645
  PCTINCREASE 0 FREELISTS 1 FREELIST GROUPS 1 BUFFER_POOL DEFAULT FLASH_CACHE DEFAULT CELL_FLASH_CACHE DEFAULT)
  TABLESPACE "SYSTEM" ;
--------------------------------------------------------
--  DDL for Table STAN_EGZEMPLARZA
--------------------------------------------------------

  CREATE TABLE "BIBLIOTEKA"."STAN_EGZEMPLARZA" 
   (	"ID_STAN" NUMBER(*,0), 
	"NAZWA" VARCHAR2(50 BYTE)
   ) SEGMENT CREATION IMMEDIATE 
  PCTFREE 10 PCTUSED 40 INITRANS 1 MAXTRANS 255 NOCOMPRESS LOGGING
  STORAGE(INITIAL 65536 NEXT 1048576 MINEXTENTS 1 MAXEXTENTS 2147483645
  PCTINCREASE 0 FREELISTS 1 FREELIST GROUPS 1 BUFFER_POOL DEFAULT FLASH_CACHE DEFAULT CELL_FLASH_CACHE DEFAULT)
  TABLESPACE "SYSTEM" ;
--------------------------------------------------------
--  DDL for Table UZYTKOWNIK
--------------------------------------------------------

  CREATE TABLE "BIBLIOTEKA"."UZYTKOWNIK" 
   (	"ID_UZYTKOWNIK" NUMBER(*,0), 
	"NAZWA_UZYTKOWNIKA" VARCHAR2(100 BYTE), 
	"HASHHASLO" VARCHAR2(200 BYTE), 
	"ID_ROLA" NUMBER(*,0)
   ) SEGMENT CREATION IMMEDIATE 
  PCTFREE 10 PCTUSED 40 INITRANS 1 MAXTRANS 255 NOCOMPRESS LOGGING
  STORAGE(INITIAL 65536 NEXT 1048576 MINEXTENTS 1 MAXEXTENTS 2147483645
  PCTINCREASE 0 FREELISTS 1 FREELIST GROUPS 1 BUFFER_POOL DEFAULT FLASH_CACHE DEFAULT CELL_FLASH_CACHE DEFAULT)
  TABLESPACE "SYSTEM" ;
--------------------------------------------------------
--  DDL for Table WYDAWNICTWO
--------------------------------------------------------

  CREATE TABLE "BIBLIOTEKA"."WYDAWNICTWO" 
   (	"ID_WYDAWNICTWO" NUMBER(*,0), 
	"NAZWA" VARCHAR2(100 BYTE)
   ) SEGMENT CREATION IMMEDIATE 
  PCTFREE 10 PCTUSED 40 INITRANS 1 MAXTRANS 255 NOCOMPRESS LOGGING
  STORAGE(INITIAL 65536 NEXT 1048576 MINEXTENTS 1 MAXEXTENTS 2147483645
  PCTINCREASE 0 FREELISTS 1 FREELIST GROUPS 1 BUFFER_POOL DEFAULT FLASH_CACHE DEFAULT CELL_FLASH_CACHE DEFAULT)
  TABLESPACE "SYSTEM" ;
--------------------------------------------------------
--  DDL for Table WYPOZYCZENIE
--------------------------------------------------------

  CREATE TABLE "BIBLIOTEKA"."WYPOZYCZENIE" 
   (	"ID_WYPOZYCZENIE" NUMBER(*,0), 
	"ID_CZYTELNIK" NUMBER(*,0), 
	"ISBN" VARCHAR2(13 BYTE), 
	"DATA_WYPOZYCZENIA" DATE, 
	"DATA_PLAN_ZWROTU" DATE, 
	"DATA_ZWROTU" DATE DEFAULT NULL
   ) SEGMENT CREATION IMMEDIATE 
  PCTFREE 10 PCTUSED 40 INITRANS 1 MAXTRANS 255 NOCOMPRESS LOGGING
  STORAGE(INITIAL 65536 NEXT 1048576 MINEXTENTS 1 MAXEXTENTS 2147483645
  PCTINCREASE 0 FREELISTS 1 FREELIST GROUPS 1 BUFFER_POOL DEFAULT FLASH_CACHE DEFAULT CELL_FLASH_CACHE DEFAULT)
  TABLESPACE "SYSTEM" ;
REM INSERTING into BIBLIOTEKA.AUTOR
SET DEFINE OFF;
Insert into BIBLIOTEKA.AUTOR (ID_AUTOR,IMIE,NAZWISKO,DATA_URODZENIA) values ('27','Delia','Owens',null);
Insert into BIBLIOTEKA.AUTOR (ID_AUTOR,IMIE,NAZWISKO,DATA_URODZENIA) values ('29','Harper','Lee',null);
Insert into BIBLIOTEKA.AUTOR (ID_AUTOR,IMIE,NAZWISKO,DATA_URODZENIA) values ('31','Henryk','Sienkiewicz',null);
Insert into BIBLIOTEKA.AUTOR (ID_AUTOR,IMIE,NAZWISKO,DATA_URODZENIA) values ('42','C.S.','Lewis',null);
Insert into BIBLIOTEKA.AUTOR (ID_AUTOR,IMIE,NAZWISKO,DATA_URODZENIA) values ('1','Adam','Mickiewicz',null);
Insert into BIBLIOTEKA.AUTOR (ID_AUTOR,IMIE,NAZWISKO,DATA_URODZENIA) values ('2','Boleslaw','Prus',null);
Insert into BIBLIOTEKA.AUTOR (ID_AUTOR,IMIE,NAZWISKO,DATA_URODZENIA) values ('3','J.R.R','Tolkien',null);
Insert into BIBLIOTEKA.AUTOR (ID_AUTOR,IMIE,NAZWISKO,DATA_URODZENIA) values ('4','J.K.','Rowling',null);
Insert into BIBLIOTEKA.AUTOR (ID_AUTOR,IMIE,NAZWISKO,DATA_URODZENIA) values ('5','Antoine','de Saint-Exupéry',null);
Insert into BIBLIOTEKA.AUTOR (ID_AUTOR,IMIE,NAZWISKO,DATA_URODZENIA) values ('6','W³adys³aw S.','Reymont',null);
Insert into BIBLIOTEKA.AUTOR (ID_AUTOR,IMIE,NAZWISKO,DATA_URODZENIA) values ('7','Aleksander','Fredro',null);
Insert into BIBLIOTEKA.AUTOR (ID_AUTOR,IMIE,NAZWISKO,DATA_URODZENIA) values ('8','Aleksander','Kamiñski',null);
Insert into BIBLIOTEKA.AUTOR (ID_AUTOR,IMIE,NAZWISKO,DATA_URODZENIA) values ('25','Stefan','¯eromski',null);
REM INSERTING into BIBLIOTEKA.CZYTELNIK
SET DEFINE OFF;
Insert into BIBLIOTEKA.CZYTELNIK (ID_CZYTELNIK,IMIE,NAZWISKO,DATA_URODZENIA,PESEL,ULICA,NR_DOMU,KOD_POCZTOWY,MIEJSCOWOSC,EMAIL,NR_TEL) values ('1','Jan','Kowalski',to_date('01/03/27','RR/MM/DD'),'01232772478','Kwiatowa','22','65-035','Zielona Góra','j.kowalski@gmail.com','518456754');
Insert into BIBLIOTEKA.CZYTELNIK (ID_CZYTELNIK,IMIE,NAZWISKO,DATA_URODZENIA,PESEL,ULICA,NR_DOMU,KOD_POCZTOWY,MIEJSCOWOSC,EMAIL,NR_TEL) values ('2','Wojciech','Nowak',to_date('98/11/23','RR/MM/DD'),'98112357779','Nowa','3','65-236','Zielona Góra','w.nowak@gmail.com','512766773');
Insert into BIBLIOTEKA.CZYTELNIK (ID_CZYTELNIK,IMIE,NAZWISKO,DATA_URODZENIA,PESEL,ULICA,NR_DOMU,KOD_POCZTOWY,MIEJSCOWOSC,EMAIL,NR_TEL) values ('3','Piotr','Nowak',to_date('80/12/22','RR/MM/DD'),'80122257387','Polna','43','65-121','Zielona Góra','p.nowak@gmail.com','517635265');
Insert into BIBLIOTEKA.CZYTELNIK (ID_CZYTELNIK,IMIE,NAZWISKO,DATA_URODZENIA,PESEL,ULICA,NR_DOMU,KOD_POCZTOWY,MIEJSCOWOSC,EMAIL,NR_TEL) values ('4','Anna','Kowalczyk',to_date('66/10/12','RR/MM/DD'),'66101277575','Klonowa','36','65-007','Zielona Góra','a.kowalczuk@gmail.com','512785363');
Insert into BIBLIOTEKA.CZYTELNIK (ID_CZYTELNIK,IMIE,NAZWISKO,DATA_URODZENIA,PESEL,ULICA,NR_DOMU,KOD_POCZTOWY,MIEJSCOWOSC,EMAIL,NR_TEL) values ('5','Julia','Nowak',to_date('80/03/12','RR/MM/DD'),'80031263425','S³oneczna','14','65-003','Zielona Góra','j.nowak@gmail.com','518476253');
Insert into BIBLIOTEKA.CZYTELNIK (ID_CZYTELNIK,IMIE,NAZWISKO,DATA_URODZENIA,PESEL,ULICA,NR_DOMU,KOD_POCZTOWY,MIEJSCOWOSC,EMAIL,NR_TEL) values ('6','Jakub','Zieliñski',to_date('84/05/25','RR/MM/DD'),'84052539685','Szkolna','7','65-009','Zielona Góra','j.zielinski@gmail.com','512376287');
Insert into BIBLIOTEKA.CZYTELNIK (ID_CZYTELNIK,IMIE,NAZWISKO,DATA_URODZENIA,PESEL,ULICA,NR_DOMU,KOD_POCZTOWY,MIEJSCOWOSC,EMAIL,NR_TEL) values ('7','Jan','Wiœniewski',to_date('95/04/21','RR/MM/DD'),'95042195384','Bankowa','18','65-001','Zielona Góra','j.wisniewski@gmail.com','512947335');
Insert into BIBLIOTEKA.CZYTELNIK (ID_CZYTELNIK,IMIE,NAZWISKO,DATA_URODZENIA,PESEL,ULICA,NR_DOMU,KOD_POCZTOWY,MIEJSCOWOSC,EMAIL,NR_TEL) values ('8','Anna','Nowak',to_date('93/01/13','RR/MM/DD'),'93011394838','Piêkna','22','65-222','Zielona Góra','a.nowak@wp.pl','123456789');
Insert into BIBLIOTEKA.CZYTELNIK (ID_CZYTELNIK,IMIE,NAZWISKO,DATA_URODZENIA,PESEL,ULICA,NR_DOMU,KOD_POCZTOWY,MIEJSCOWOSC,EMAIL,NR_TEL) values ('21','abc','abc',to_date('05/02/17','RR/MM/DD'),'123456789','Piêkna','22','65-222','Zielona Góra','a.a@wp.pl','123456789');
Insert into BIBLIOTEKA.CZYTELNIK (ID_CZYTELNIK,IMIE,NAZWISKO,DATA_URODZENIA,PESEL,ULICA,NR_DOMU,KOD_POCZTOWY,MIEJSCOWOSC,EMAIL,NR_TEL) values ('22','Adam','Wilk',to_date('98/06/11','RR/MM/DD'),'98061165757','Piêkna','4','65-004','Zielona Góra','a.wilk@wp.pl','123456789');
REM INSERTING into BIBLIOTEKA.EGZEMPLARZ
SET DEFINE OFF;
Insert into BIBLIOTEKA.EGZEMPLARZ (ISBN,ID_KSIAZKA,OPIS,ID_STAN) values ('9709874565487','5',null,'2');
Insert into BIBLIOTEKA.EGZEMPLARZ (ISBN,ID_KSIAZKA,OPIS,ID_STAN) values ('9712347565243','5',null,'1');
Insert into BIBLIOTEKA.EGZEMPLARZ (ISBN,ID_KSIAZKA,OPIS,ID_STAN) values ('9723457653423','5',null,'1');
Insert into BIBLIOTEKA.EGZEMPLARZ (ISBN,ID_KSIAZKA,OPIS,ID_STAN) values ('9727432765423','5',null,'1');
Insert into BIBLIOTEKA.EGZEMPLARZ (ISBN,ID_KSIAZKA,OPIS,ID_STAN) values ('9734352121334','4',null,'1');
Insert into BIBLIOTEKA.EGZEMPLARZ (ISBN,ID_KSIAZKA,OPIS,ID_STAN) values ('9734565453266','6',null,'1');
Insert into BIBLIOTEKA.EGZEMPLARZ (ISBN,ID_KSIAZKA,OPIS,ID_STAN) values ('9734765425432','6',null,'1');
Insert into BIBLIOTEKA.EGZEMPLARZ (ISBN,ID_KSIAZKA,OPIS,ID_STAN) values ('9735342453456','4',null,'2');
Insert into BIBLIOTEKA.EGZEMPLARZ (ISBN,ID_KSIAZKA,OPIS,ID_STAN) values ('9735468754653','3',null,'1');
Insert into BIBLIOTEKA.EGZEMPLARZ (ISBN,ID_KSIAZKA,OPIS,ID_STAN) values ('9743598756454','1',null,'1');
Insert into BIBLIOTEKA.EGZEMPLARZ (ISBN,ID_KSIAZKA,OPIS,ID_STAN) values ('9745678987647','5',null,'2');
Insert into BIBLIOTEKA.EGZEMPLARZ (ISBN,ID_KSIAZKA,OPIS,ID_STAN) values ('9756232465611','2',null,'2');
Insert into BIBLIOTEKA.EGZEMPLARZ (ISBN,ID_KSIAZKA,OPIS,ID_STAN) values ('9756234564812','2',null,'1');
Insert into BIBLIOTEKA.EGZEMPLARZ (ISBN,ID_KSIAZKA,OPIS,ID_STAN) values ('9768854356575','3',null,'1');
Insert into BIBLIOTEKA.EGZEMPLARZ (ISBN,ID_KSIAZKA,OPIS,ID_STAN) values ('9781234467813','1',null,'2');
Insert into BIBLIOTEKA.EGZEMPLARZ (ISBN,ID_KSIAZKA,OPIS,ID_STAN) values ('9781234567814','1',null,'1');
Insert into BIBLIOTEKA.EGZEMPLARZ (ISBN,ID_KSIAZKA,OPIS,ID_STAN) values ('9864357636242','3',null,'2');
Insert into BIBLIOTEKA.EGZEMPLARZ (ISBN,ID_KSIAZKA,OPIS,ID_STAN) values ('9876543454345','23',null,'1');
Insert into BIBLIOTEKA.EGZEMPLARZ (ISBN,ID_KSIAZKA,OPIS,ID_STAN) values ('9865436543566','23',null,'2');
Insert into BIBLIOTEKA.EGZEMPLARZ (ISBN,ID_KSIAZKA,OPIS,ID_STAN) values ('9765438456583','25',null,'1');
Insert into BIBLIOTEKA.EGZEMPLARZ (ISBN,ID_KSIAZKA,OPIS,ID_STAN) values ('9876543234566','25',null,'1');
Insert into BIBLIOTEKA.EGZEMPLARZ (ISBN,ID_KSIAZKA,OPIS,ID_STAN) values ('9765456787654','27',null,'2');
Insert into BIBLIOTEKA.EGZEMPLARZ (ISBN,ID_KSIAZKA,OPIS,ID_STAN) values ('9712347522243','21',null,'1');
Insert into BIBLIOTEKA.EGZEMPLARZ (ISBN,ID_KSIAZKA,OPIS,ID_STAN) values ('9712347565222','33',null,'3');
REM INSERTING into BIBLIOTEKA.KARA
SET DEFINE OFF;
Insert into BIBLIOTEKA.KARA (ID_KARA,ID_WYPOZYCZENIE,ID_RODZAJ,KWOTA,DATA_WYSTAWIENIA,TERMIN_ZAPLATY,DATA_ZAPLATY) values ('1','20','1','55',to_date('22/03/28','RR/MM/DD'),to_date('22/04/11','RR/MM/DD'),to_date('22/04/07','RR/MM/DD'));
Insert into BIBLIOTEKA.KARA (ID_KARA,ID_WYPOZYCZENIE,ID_RODZAJ,KWOTA,DATA_WYSTAWIENIA,TERMIN_ZAPLATY,DATA_ZAPLATY) values ('2','21','1','76',to_date('22/06/10','RR/MM/DD'),to_date('22/06/24','RR/MM/DD'),null);
Insert into BIBLIOTEKA.KARA (ID_KARA,ID_WYPOZYCZENIE,ID_RODZAJ,KWOTA,DATA_WYSTAWIENIA,TERMIN_ZAPLATY,DATA_ZAPLATY) values ('3','23','1','26',to_date('22/06/10','RR/MM/DD'),to_date('22/06/24','RR/MM/DD'),null);
Insert into BIBLIOTEKA.KARA (ID_KARA,ID_WYPOZYCZENIE,ID_RODZAJ,KWOTA,DATA_WYSTAWIENIA,TERMIN_ZAPLATY,DATA_ZAPLATY) values ('5','25','1','0',to_date('22/06/11','RR/MM/DD'),to_date('22/06/25','RR/MM/DD'),null);
Insert into BIBLIOTEKA.KARA (ID_KARA,ID_WYPOZYCZENIE,ID_RODZAJ,KWOTA,DATA_WYSTAWIENIA,TERMIN_ZAPLATY,DATA_ZAPLATY) values ('6','11','1','69',to_date('22/06/11','RR/MM/DD'),to_date('22/06/25','RR/MM/DD'),null);
Insert into BIBLIOTEKA.KARA (ID_KARA,ID_WYPOZYCZENIE,ID_RODZAJ,KWOTA,DATA_WYSTAWIENIA,TERMIN_ZAPLATY,DATA_ZAPLATY) values ('7','11','3','20',to_date('22/06/11','RR/MM/DD'),to_date('22/06/25','RR/MM/DD'),null);
Insert into BIBLIOTEKA.KARA (ID_KARA,ID_WYPOZYCZENIE,ID_RODZAJ,KWOTA,DATA_WYSTAWIENIA,TERMIN_ZAPLATY,DATA_ZAPLATY) values ('8','1','1','55',to_date('20/11/04','RR/MM/DD'),to_date('20/11/18','RR/MM/DD'),to_date('20/11/10','RR/MM/DD'));
Insert into BIBLIOTEKA.KARA (ID_KARA,ID_WYPOZYCZENIE,ID_RODZAJ,KWOTA,DATA_WYSTAWIENIA,TERMIN_ZAPLATY,DATA_ZAPLATY) values ('9','2','1','76',to_date('21/12/22','RR/MM/DD'),to_date('21/01/22','RR/MM/DD'),null);
Insert into BIBLIOTEKA.KARA (ID_KARA,ID_WYPOZYCZENIE,ID_RODZAJ,KWOTA,DATA_WYSTAWIENIA,TERMIN_ZAPLATY,DATA_ZAPLATY) values ('10','3','1','87',to_date('21/06/12','RR/MM/DD'),to_date('21/07/12','RR/MM/DD'),null);
Insert into BIBLIOTEKA.KARA (ID_KARA,ID_WYPOZYCZENIE,ID_RODZAJ,KWOTA,DATA_WYSTAWIENIA,TERMIN_ZAPLATY,DATA_ZAPLATY) values ('11','4','1','26',to_date('20/11/21','RR/MM/DD'),to_date('20/12/21','RR/MM/DD'),null);
Insert into BIBLIOTEKA.KARA (ID_KARA,ID_WYPOZYCZENIE,ID_RODZAJ,KWOTA,DATA_WYSTAWIENIA,TERMIN_ZAPLATY,DATA_ZAPLATY) values ('12','7','1','12',to_date('21/06/12','RR/MM/DD'),to_date('21/07/12','RR/MM/DD'),null);
Insert into BIBLIOTEKA.KARA (ID_KARA,ID_WYPOZYCZENIE,ID_RODZAJ,KWOTA,DATA_WYSTAWIENIA,TERMIN_ZAPLATY,DATA_ZAPLATY) values ('13','8','1','30',to_date('21/09/12','RR/MM/DD'),to_date('21/10/12','RR/MM/DD'),null);
Insert into BIBLIOTEKA.KARA (ID_KARA,ID_WYPOZYCZENIE,ID_RODZAJ,KWOTA,DATA_WYSTAWIENIA,TERMIN_ZAPLATY,DATA_ZAPLATY) values ('14','9','1','19',to_date('21/11/27','RR/MM/DD'),to_date('21/12/27','RR/MM/DD'),null);
Insert into BIBLIOTEKA.KARA (ID_KARA,ID_WYPOZYCZENIE,ID_RODZAJ,KWOTA,DATA_WYSTAWIENIA,TERMIN_ZAPLATY,DATA_ZAPLATY) values ('15','9','3','20',to_date('21/11/27','RR/MM/DD'),to_date('21/12/27','RR/MM/DD'),null);
Insert into BIBLIOTEKA.KARA (ID_KARA,ID_WYPOZYCZENIE,ID_RODZAJ,KWOTA,DATA_WYSTAWIENIA,TERMIN_ZAPLATY,DATA_ZAPLATY) values ('16','10','1','25',to_date('21/12/30','RR/MM/DD'),to_date('22/01/30','RR/MM/DD'),null);
REM INSERTING into BIBLIOTEKA.KATEGORIA
SET DEFINE OFF;
Insert into BIBLIOTEKA.KATEGORIA (ID_KATEGORIA,NAZWA) values ('1','powieœæ przygodowa');
Insert into BIBLIOTEKA.KATEGORIA (ID_KATEGORIA,NAZWA) values ('2','powieœæ fantastyczna');
Insert into BIBLIOTEKA.KATEGORIA (ID_KATEGORIA,NAZWA) values ('3','powiastka filozoficzna');
Insert into BIBLIOTEKA.KATEGORIA (ID_KATEGORIA,NAZWA) values ('4','literatura faktu');
Insert into BIBLIOTEKA.KATEGORIA (ID_KATEGORIA,NAZWA) values ('5','dramat');
Insert into BIBLIOTEKA.KATEGORIA (ID_KATEGORIA,NAZWA) values ('6','poemat epicki');
Insert into BIBLIOTEKA.KATEGORIA (ID_KATEGORIA,NAZWA) values ('22','powieœæ obyczajowa');
Insert into BIBLIOTEKA.KATEGORIA (ID_KATEGORIA,NAZWA) values ('24','powieœæ historyczna');
REM INSERTING into BIBLIOTEKA.KSIAZKA
SET DEFINE OFF;
Insert into BIBLIOTEKA.KSIAZKA (ID_KSIAZKA,TYTUL,ROK_WYDANIA,MIEJSCE_WYDANIA,ID_WYDAWNICTWO,ID_KATEGORIA,OPIS) values ('23','Harry Potter i wiêzieñ Azkabanu','2001','Wielka Brytania','2','2',null);
Insert into BIBLIOTEKA.KSIAZKA (ID_KSIAZKA,TYTUL,ROK_WYDANIA,MIEJSCE_WYDANIA,ID_WYDAWNICTWO,ID_KATEGORIA,OPIS) values ('25','Harry Potter i Czara Ognia','2001','Wielka Brytania','2','2',null);
Insert into BIBLIOTEKA.KSIAZKA (ID_KSIAZKA,TYTUL,ROK_WYDANIA,MIEJSCE_WYDANIA,ID_WYDAWNICTWO,ID_KATEGORIA,OPIS) values ('27','Harry Potter i Zakon Feniksa','2004','Wielka Brytania','2','2',null);
Insert into BIBLIOTEKA.KSIAZKA (ID_KSIAZKA,TYTUL,ROK_WYDANIA,MIEJSCE_WYDANIA,ID_WYDAWNICTWO,ID_KATEGORIA,OPIS) values ('29','Harry Potter i Ksi¹¿ê Pó³krwi','2006','Wielka Brytania','2','2',null);
Insert into BIBLIOTEKA.KSIAZKA (ID_KSIAZKA,TYTUL,ROK_WYDANIA,MIEJSCE_WYDANIA,ID_WYDAWNICTWO,ID_KATEGORIA,OPIS) values ('31','Harry Potter i Insygnia Œmierci','2008','Wielka Brytania','2','2',null);
Insert into BIBLIOTEKA.KSIAZKA (ID_KSIAZKA,TYTUL,ROK_WYDANIA,MIEJSCE_WYDANIA,ID_WYDAWNICTWO,ID_KATEGORIA,OPIS) values ('1','Harry Potter i Kamieñ filozoficzny','2000','Wielka Brytania','2','2',null);
Insert into BIBLIOTEKA.KSIAZKA (ID_KSIAZKA,TYTUL,ROK_WYDANIA,MIEJSCE_WYDANIA,ID_WYDAWNICTWO,ID_KATEGORIA,OPIS) values ('2','W³adca pierœcieni','1954','Wielka Brytania','1','1',null);
Insert into BIBLIOTEKA.KSIAZKA (ID_KSIAZKA,TYTUL,ROK_WYDANIA,MIEJSCE_WYDANIA,ID_WYDAWNICTWO,ID_KATEGORIA,OPIS) values ('3','Ma³y Ksi¹¿ê','1943','Nowy Jork','3','3',null);
Insert into BIBLIOTEKA.KSIAZKA (ID_KSIAZKA,TYTUL,ROK_WYDANIA,MIEJSCE_WYDANIA,ID_WYDAWNICTWO,ID_KATEGORIA,OPIS) values ('4','Kamienie na szaniec','1943','Polska pod okupacj¹','4','4',null);
Insert into BIBLIOTEKA.KSIAZKA (ID_KSIAZKA,TYTUL,ROK_WYDANIA,MIEJSCE_WYDANIA,ID_WYDAWNICTWO,ID_KATEGORIA,OPIS) values ('5','Dziady cz.2','1823','Zabór rosyjski','5','5',null);
Insert into BIBLIOTEKA.KSIAZKA (ID_KSIAZKA,TYTUL,ROK_WYDANIA,MIEJSCE_WYDANIA,ID_WYDAWNICTWO,ID_KATEGORIA,OPIS) values ('6','Pan Tadeusz','1834','Pary¿','5','6',null);
Insert into BIBLIOTEKA.KSIAZKA (ID_KSIAZKA,TYTUL,ROK_WYDANIA,MIEJSCE_WYDANIA,ID_WYDAWNICTWO,ID_KATEGORIA,OPIS) values ('7','Harry Potter i Komnata Tajemnic','1998','Wielka Brytania','2','2',null);
Insert into BIBLIOTEKA.KSIAZKA (ID_KSIAZKA,TYTUL,ROK_WYDANIA,MIEJSCE_WYDANIA,ID_WYDAWNICTWO,ID_KATEGORIA,OPIS) values ('21','Zabiæ drozda','1960','Stany Zjednoczone','26','22',null);
Insert into BIBLIOTEKA.KSIAZKA (ID_KSIAZKA,TYTUL,ROK_WYDANIA,MIEJSCE_WYDANIA,ID_WYDAWNICTWO,ID_KATEGORIA,OPIS) values ('33','Krzy¿acy','1900','Warszawa','28','24',null);
Insert into BIBLIOTEKA.KSIAZKA (ID_KSIAZKA,TYTUL,ROK_WYDANIA,MIEJSCE_WYDANIA,ID_WYDAWNICTWO,ID_KATEGORIA,OPIS) values ('41','Opowieœci z Narnii: Lew, Czarownica i stara szafa','1950','Wielka Brytania','46','2',null);
REM INSERTING into BIBLIOTEKA.KSIAZKA_AUTOR
SET DEFINE OFF;
Insert into BIBLIOTEKA.KSIAZKA_AUTOR (ID_KSIAZKA_AUTOR,ID_KSIAZKA,ID_AUTOR) values ('1','1','4');
Insert into BIBLIOTEKA.KSIAZKA_AUTOR (ID_KSIAZKA_AUTOR,ID_KSIAZKA,ID_AUTOR) values ('2','2','3');
Insert into BIBLIOTEKA.KSIAZKA_AUTOR (ID_KSIAZKA_AUTOR,ID_KSIAZKA,ID_AUTOR) values ('3','3','5');
Insert into BIBLIOTEKA.KSIAZKA_AUTOR (ID_KSIAZKA_AUTOR,ID_KSIAZKA,ID_AUTOR) values ('4','4','8');
Insert into BIBLIOTEKA.KSIAZKA_AUTOR (ID_KSIAZKA_AUTOR,ID_KSIAZKA,ID_AUTOR) values ('5','5','1');
Insert into BIBLIOTEKA.KSIAZKA_AUTOR (ID_KSIAZKA_AUTOR,ID_KSIAZKA,ID_AUTOR) values ('6','6','1');
Insert into BIBLIOTEKA.KSIAZKA_AUTOR (ID_KSIAZKA_AUTOR,ID_KSIAZKA,ID_AUTOR) values ('22','21','29');
Insert into BIBLIOTEKA.KSIAZKA_AUTOR (ID_KSIAZKA_AUTOR,ID_KSIAZKA,ID_AUTOR) values ('24','23','4');
Insert into BIBLIOTEKA.KSIAZKA_AUTOR (ID_KSIAZKA_AUTOR,ID_KSIAZKA,ID_AUTOR) values ('26','25','4');
Insert into BIBLIOTEKA.KSIAZKA_AUTOR (ID_KSIAZKA_AUTOR,ID_KSIAZKA,ID_AUTOR) values ('27','27','4');
Insert into BIBLIOTEKA.KSIAZKA_AUTOR (ID_KSIAZKA_AUTOR,ID_KSIAZKA,ID_AUTOR) values ('28','29','4');
Insert into BIBLIOTEKA.KSIAZKA_AUTOR (ID_KSIAZKA_AUTOR,ID_KSIAZKA,ID_AUTOR) values ('29','31','4');
Insert into BIBLIOTEKA.KSIAZKA_AUTOR (ID_KSIAZKA_AUTOR,ID_KSIAZKA,ID_AUTOR) values ('30','33','31');
Insert into BIBLIOTEKA.KSIAZKA_AUTOR (ID_KSIAZKA_AUTOR,ID_KSIAZKA,ID_AUTOR) values ('41','41','42');
REM INSERTING into BIBLIOTEKA.RODZAJ_KARY
SET DEFINE OFF;
Insert into BIBLIOTEKA.RODZAJ_KARY (ID_RODZAJ,NAZWA,KWOTA) values ('1','przetrzymanie (1 dzieñ)','0,2');
Insert into BIBLIOTEKA.RODZAJ_KARY (ID_RODZAJ,NAZWA,KWOTA) values ('2','zgubienie','30');
Insert into BIBLIOTEKA.RODZAJ_KARY (ID_RODZAJ,NAZWA,KWOTA) values ('3','zniszczenie','20');
REM INSERTING into BIBLIOTEKA.ROLA
SET DEFINE OFF;
Insert into BIBLIOTEKA.ROLA (ID_ROLA,NAZWA) values ('3','czytelnik');
Insert into BIBLIOTEKA.ROLA (ID_ROLA,NAZWA) values ('1','admin');
Insert into BIBLIOTEKA.ROLA (ID_ROLA,NAZWA) values ('2','bibliotekarz');
REM INSERTING into BIBLIOTEKA.STAN_EGZEMPLARZA
SET DEFINE OFF;
Insert into BIBLIOTEKA.STAN_EGZEMPLARZA (ID_STAN,NAZWA) values ('1','nowy');
Insert into BIBLIOTEKA.STAN_EGZEMPLARZA (ID_STAN,NAZWA) values ('2','zniszczony');
Insert into BIBLIOTEKA.STAN_EGZEMPLARZA (ID_STAN,NAZWA) values ('3','zniszczona ok³adka');
REM INSERTING into BIBLIOTEKA.UZYTKOWNIK
SET DEFINE OFF;
Insert into BIBLIOTEKA.UZYTKOWNIK (ID_UZYTKOWNIK,NAZWA_UZYTKOWNIKA,HASHHASLO,ID_ROLA) values ('1','Agata','c056e24b2374b567b05c0952e6d66858','2');
Insert into BIBLIOTEKA.UZYTKOWNIK (ID_UZYTKOWNIK,NAZWA_UZYTKOWNIKA,HASHHASLO,ID_ROLA) values ('2','admin','21232f297a57a5a743894a0e4a801fc3','1');
Insert into BIBLIOTEKA.UZYTKOWNIK (ID_UZYTKOWNIK,NAZWA_UZYTKOWNIKA,HASHHASLO,ID_ROLA) values ('21','a.wilk@wp.pl','1a2a34c246e1e9f0e061f7421c411fdb','3');
REM INSERTING into BIBLIOTEKA.WYDAWNICTWO
SET DEFINE OFF;
Insert into BIBLIOTEKA.WYDAWNICTWO (ID_WYDAWNICTWO,NAZWA) values ('26','Rebis');
Insert into BIBLIOTEKA.WYDAWNICTWO (ID_WYDAWNICTWO,NAZWA) values ('28','Gebethner i Wolff');
Insert into BIBLIOTEKA.WYDAWNICTWO (ID_WYDAWNICTWO,NAZWA) values ('46','Instytut Wydawniczy PAX');
Insert into BIBLIOTEKA.WYDAWNICTWO (ID_WYDAWNICTWO,NAZWA) values ('1','Allen and Unwin');
Insert into BIBLIOTEKA.WYDAWNICTWO (ID_WYDAWNICTWO,NAZWA) values ('2','Media Rodzina');
Insert into BIBLIOTEKA.WYDAWNICTWO (ID_WYDAWNICTWO,NAZWA) values ('3','Reynal and Hitchcock');
Insert into BIBLIOTEKA.WYDAWNICTWO (ID_WYDAWNICTWO,NAZWA) values ('4','Polskie Pañstwo Podziemne');
Insert into BIBLIOTEKA.WYDAWNICTWO (ID_WYDAWNICTWO,NAZWA) values ('5','Greg');
REM INSERTING into BIBLIOTEKA.WYPOZYCZENIE
SET DEFINE OFF;
Insert into BIBLIOTEKA.WYPOZYCZENIE (ID_WYPOZYCZENIE,ID_CZYTELNIK,ISBN,DATA_WYPOZYCZENIA,DATA_PLAN_ZWROTU,DATA_ZWROTU) values ('20','1','9709874565487',to_date('20/01/01','RR/MM/DD'),to_date('20/02/01','RR/MM/DD'),to_date('20/11/04','RR/MM/DD'));
Insert into BIBLIOTEKA.WYPOZYCZENIE (ID_WYPOZYCZENIE,ID_CZYTELNIK,ISBN,DATA_WYPOZYCZENIA,DATA_PLAN_ZWROTU,DATA_ZWROTU) values ('21','2','9709874565487',to_date('20/11/05','RR/MM/DD'),to_date('20/12/05','RR/MM/DD'),to_date('21/12/22','RR/MM/DD'));
Insert into BIBLIOTEKA.WYPOZYCZENIE (ID_WYPOZYCZENIE,ID_CZYTELNIK,ISBN,DATA_WYPOZYCZENIA,DATA_PLAN_ZWROTU,DATA_ZWROTU) values ('16','2','9781234567814',to_date('22/12/01','RR/MM/DD'),to_date('23/01/01','RR/MM/DD'),to_date('23/01/04','RR/MM/DD'));
Insert into BIBLIOTEKA.WYPOZYCZENIE (ID_WYPOZYCZENIE,ID_CZYTELNIK,ISBN,DATA_WYPOZYCZENIA,DATA_PLAN_ZWROTU,DATA_ZWROTU) values ('23','7','9709874565487',to_date('20/06/12','RR/MM/DD'),to_date('20/07/12','RR/MM/DD'),to_date('20/11/21','RR/MM/DD'));
Insert into BIBLIOTEKA.WYPOZYCZENIE (ID_WYPOZYCZENIE,ID_CZYTELNIK,ISBN,DATA_WYPOZYCZENIA,DATA_PLAN_ZWROTU,DATA_ZWROTU) values ('17','2','9712347565243',to_date('23/01/06','RR/MM/DD'),to_date('23/02/05','RR/MM/DD'),to_date('23/01/07','RR/MM/DD'));
Insert into BIBLIOTEKA.WYPOZYCZENIE (ID_WYPOZYCZENIE,ID_CZYTELNIK,ISBN,DATA_WYPOZYCZENIA,DATA_PLAN_ZWROTU,DATA_ZWROTU) values ('25','6','9723457653423',to_date('20/12/12','RR/MM/DD'),to_date('21/01/12','RR/MM/DD'),to_date('21/01/12','RR/MM/DD'));
Insert into BIBLIOTEKA.WYPOZYCZENIE (ID_WYPOZYCZENIE,ID_CZYTELNIK,ISBN,DATA_WYPOZYCZENIA,DATA_PLAN_ZWROTU,DATA_ZWROTU) values ('18','4','9712347565243',to_date('22/12/19','RR/MM/DD'),to_date('23/01/18','RR/MM/DD'),to_date('23/01/07','RR/MM/DD'));
Insert into BIBLIOTEKA.WYPOZYCZENIE (ID_WYPOZYCZENIE,ID_CZYTELNIK,ISBN,DATA_WYPOZYCZENIA,DATA_PLAN_ZWROTU,DATA_ZWROTU) values ('22','2','9876543454345',to_date('22/11/10','RR/MM/DD'),to_date('22/12/10','RR/MM/DD'),to_date('22/12/04','RR/MM/DD'));
Insert into BIBLIOTEKA.WYPOZYCZENIE (ID_WYPOZYCZENIE,ID_CZYTELNIK,ISBN,DATA_WYPOZYCZENIA,DATA_PLAN_ZWROTU,DATA_ZWROTU) values ('24','21','9734565453266',to_date('23/01/10','RR/MM/DD'),to_date('23/02/09','RR/MM/DD'),to_date('23/01/10','RR/MM/DD'));
Insert into BIBLIOTEKA.WYPOZYCZENIE (ID_WYPOZYCZENIE,ID_CZYTELNIK,ISBN,DATA_WYPOZYCZENIA,DATA_PLAN_ZWROTU,DATA_ZWROTU) values ('41','21','9765438456583',to_date('23/01/02','RR/MM/DD'),to_date('23/02/01','RR/MM/DD'),null);
Insert into BIBLIOTEKA.WYPOZYCZENIE (ID_WYPOZYCZENIE,ID_CZYTELNIK,ISBN,DATA_WYPOZYCZENIA,DATA_PLAN_ZWROTU,DATA_ZWROTU) values ('42','21','9765456787654',to_date('23/01/02','RR/MM/DD'),to_date('23/02/01','RR/MM/DD'),null);
Insert into BIBLIOTEKA.WYPOZYCZENIE (ID_WYPOZYCZENIE,ID_CZYTELNIK,ISBN,DATA_WYPOZYCZENIA,DATA_PLAN_ZWROTU,DATA_ZWROTU) values ('43','21','9712347522243',to_date('23/01/02','RR/MM/DD'),to_date('23/02/01','RR/MM/DD'),null);
Insert into BIBLIOTEKA.WYPOZYCZENIE (ID_WYPOZYCZENIE,ID_CZYTELNIK,ISBN,DATA_WYPOZYCZENIA,DATA_PLAN_ZWROTU,DATA_ZWROTU) values ('44','22','9876543234566',to_date('23/01/03','RR/MM/DD'),to_date('23/02/02','RR/MM/DD'),null);
Insert into BIBLIOTEKA.WYPOZYCZENIE (ID_WYPOZYCZENIE,ID_CZYTELNIK,ISBN,DATA_WYPOZYCZENIA,DATA_PLAN_ZWROTU,DATA_ZWROTU) values ('45','22','9865436543566',to_date('23/01/03','RR/MM/DD'),to_date('23/02/02','RR/MM/DD'),null);
Insert into BIBLIOTEKA.WYPOZYCZENIE (ID_WYPOZYCZENIE,ID_CZYTELNIK,ISBN,DATA_WYPOZYCZENIA,DATA_PLAN_ZWROTU,DATA_ZWROTU) values ('46','22','9727432765423',to_date('23/01/03','RR/MM/DD'),to_date('23/02/02','RR/MM/DD'),null);
Insert into BIBLIOTEKA.WYPOZYCZENIE (ID_WYPOZYCZENIE,ID_CZYTELNIK,ISBN,DATA_WYPOZYCZENIA,DATA_PLAN_ZWROTU,DATA_ZWROTU) values ('47','22','9734765425432',to_date('23/01/03','RR/MM/DD'),to_date('23/02/02','RR/MM/DD'),null);
Insert into BIBLIOTEKA.WYPOZYCZENIE (ID_WYPOZYCZENIE,ID_CZYTELNIK,ISBN,DATA_WYPOZYCZENIA,DATA_PLAN_ZWROTU,DATA_ZWROTU) values ('1','1','9709874565487',to_date('20/01/01','RR/MM/DD'),to_date('20/02/01','RR/MM/DD'),to_date('20/11/04','RR/MM/DD'));
Insert into BIBLIOTEKA.WYPOZYCZENIE (ID_WYPOZYCZENIE,ID_CZYTELNIK,ISBN,DATA_WYPOZYCZENIA,DATA_PLAN_ZWROTU,DATA_ZWROTU) values ('2','2','9709874565487',to_date('20/11/05','RR/MM/DD'),to_date('20/12/05','RR/MM/DD'),to_date('21/12/22','RR/MM/DD'));
Insert into BIBLIOTEKA.WYPOZYCZENIE (ID_WYPOZYCZENIE,ID_CZYTELNIK,ISBN,DATA_WYPOZYCZENIA,DATA_PLAN_ZWROTU,DATA_ZWROTU) values ('3','6','9712347565243',to_date('20/03/02','RR/MM/DD'),to_date('20/04/02','RR/MM/DD'),to_date('21/06/12','RR/MM/DD'));
Insert into BIBLIOTEKA.WYPOZYCZENIE (ID_WYPOZYCZENIE,ID_CZYTELNIK,ISBN,DATA_WYPOZYCZENIA,DATA_PLAN_ZWROTU,DATA_ZWROTU) values ('4','7','9709874565487',to_date('20/06/12','RR/MM/DD'),to_date('20/07/12','RR/MM/DD'),to_date('20/11/21','RR/MM/DD'));
Insert into BIBLIOTEKA.WYPOZYCZENIE (ID_WYPOZYCZENIE,ID_CZYTELNIK,ISBN,DATA_WYPOZYCZENIA,DATA_PLAN_ZWROTU,DATA_ZWROTU) values ('5','4','9712347565243',to_date('20/08/30','RR/MM/DD'),to_date('20/09/30','RR/MM/DD'),to_date('22/06/14','RR/MM/DD'));
Insert into BIBLIOTEKA.WYPOZYCZENIE (ID_WYPOZYCZENIE,ID_CZYTELNIK,ISBN,DATA_WYPOZYCZENIA,DATA_PLAN_ZWROTU,DATA_ZWROTU) values ('6','6','9723457653423',to_date('20/12/12','RR/MM/DD'),to_date('21/01/12','RR/MM/DD'),to_date('21/01/12','RR/MM/DD'));
Insert into BIBLIOTEKA.WYPOZYCZENIE (ID_WYPOZYCZENIE,ID_CZYTELNIK,ISBN,DATA_WYPOZYCZENIA,DATA_PLAN_ZWROTU,DATA_ZWROTU) values ('7','7','9734352121334',to_date('21/03/14','RR/MM/DD'),to_date('21/04/14','RR/MM/DD'),to_date('21/06/12','RR/MM/DD'));
Insert into BIBLIOTEKA.WYPOZYCZENIE (ID_WYPOZYCZENIE,ID_CZYTELNIK,ISBN,DATA_WYPOZYCZENIA,DATA_PLAN_ZWROTU,DATA_ZWROTU) values ('8','6','9723457653423',to_date('21/03/15','RR/MM/DD'),to_date('21/04/15','RR/MM/DD'),to_date('21/09/12','RR/MM/DD'));
Insert into BIBLIOTEKA.WYPOZYCZENIE (ID_WYPOZYCZENIE,ID_CZYTELNIK,ISBN,DATA_WYPOZYCZENIA,DATA_PLAN_ZWROTU,DATA_ZWROTU) values ('9','7','9734352121334',to_date('21/07/23','RR/MM/DD'),to_date('21/08/23','RR/MM/DD'),to_date('21/11/27','RR/MM/DD'));
Insert into BIBLIOTEKA.WYPOZYCZENIE (ID_WYPOZYCZENIE,ID_CZYTELNIK,ISBN,DATA_WYPOZYCZENIA,DATA_PLAN_ZWROTU,DATA_ZWROTU) values ('10','2','9734765425432',to_date('21/07/29','RR/MM/DD'),to_date('21/08/29','RR/MM/DD'),to_date('21/12/30','RR/MM/DD'));
Insert into BIBLIOTEKA.WYPOZYCZENIE (ID_WYPOZYCZENIE,ID_CZYTELNIK,ISBN,DATA_WYPOZYCZENIA,DATA_PLAN_ZWROTU,DATA_ZWROTU) values ('11','1','9756234564812',to_date('21/06/01','RR/MM/DD'),to_date('21/07/01','RR/MM/DD'),to_date('22/06/11','RR/MM/DD'));
Insert into BIBLIOTEKA.WYPOZYCZENIE (ID_WYPOZYCZENIE,ID_CZYTELNIK,ISBN,DATA_WYPOZYCZENIA,DATA_PLAN_ZWROTU,DATA_ZWROTU) values ('12','1','9734765425432',to_date('21/08/02','RR/MM/DD'),to_date('21/09/02','RR/MM/DD'),to_date('22/06/12','RR/MM/DD'));
Insert into BIBLIOTEKA.WYPOZYCZENIE (ID_WYPOZYCZENIE,ID_CZYTELNIK,ISBN,DATA_WYPOZYCZENIA,DATA_PLAN_ZWROTU,DATA_ZWROTU) values ('13','7','9723457653423',to_date('21/08/11','RR/MM/DD'),to_date('21/09/11','RR/MM/DD'),to_date('22/06/12','RR/MM/DD'));
Insert into BIBLIOTEKA.WYPOZYCZENIE (ID_WYPOZYCZENIE,ID_CZYTELNIK,ISBN,DATA_WYPOZYCZENIA,DATA_PLAN_ZWROTU,DATA_ZWROTU) values ('14','1','9768854356575',to_date('22/02/22','RR/MM/DD'),to_date('22/03/22','RR/MM/DD'),to_date('22/06/12','RR/MM/DD'));
Insert into BIBLIOTEKA.WYPOZYCZENIE (ID_WYPOZYCZENIE,ID_CZYTELNIK,ISBN,DATA_WYPOZYCZENIA,DATA_PLAN_ZWROTU,DATA_ZWROTU) values ('15','2','9723457653423',to_date('22/12/01','RR/MM/DD'),to_date('23/01/01','RR/MM/DD'),null);
--------------------------------------------------------
--  DDL for Index AUTOR_PK
--------------------------------------------------------

  CREATE UNIQUE INDEX "BIBLIOTEKA"."AUTOR_PK" ON "BIBLIOTEKA"."AUTOR" ("ID_AUTOR") 
  PCTFREE 10 INITRANS 2 MAXTRANS 255 COMPUTE STATISTICS 
  STORAGE(INITIAL 65536 NEXT 1048576 MINEXTENTS 1 MAXEXTENTS 2147483645
  PCTINCREASE 0 FREELISTS 1 FREELIST GROUPS 1 BUFFER_POOL DEFAULT FLASH_CACHE DEFAULT CELL_FLASH_CACHE DEFAULT)
  TABLESPACE "SYSTEM" ;
--------------------------------------------------------
--  DDL for Index CZYTELNIK_PK
--------------------------------------------------------

  CREATE UNIQUE INDEX "BIBLIOTEKA"."CZYTELNIK_PK" ON "BIBLIOTEKA"."CZYTELNIK" ("ID_CZYTELNIK") 
  PCTFREE 10 INITRANS 2 MAXTRANS 255 COMPUTE STATISTICS 
  STORAGE(INITIAL 65536 NEXT 1048576 MINEXTENTS 1 MAXEXTENTS 2147483645
  PCTINCREASE 0 FREELISTS 1 FREELIST GROUPS 1 BUFFER_POOL DEFAULT FLASH_CACHE DEFAULT CELL_FLASH_CACHE DEFAULT)
  TABLESPACE "SYSTEM" ;
--------------------------------------------------------
--  DDL for Index EGZEMPLARZ_PK
--------------------------------------------------------

  CREATE UNIQUE INDEX "BIBLIOTEKA"."EGZEMPLARZ_PK" ON "BIBLIOTEKA"."EGZEMPLARZ" ("ISBN") 
  PCTFREE 10 INITRANS 2 MAXTRANS 255 COMPUTE STATISTICS 
  STORAGE(INITIAL 65536 NEXT 1048576 MINEXTENTS 1 MAXEXTENTS 2147483645
  PCTINCREASE 0 FREELISTS 1 FREELIST GROUPS 1 BUFFER_POOL DEFAULT FLASH_CACHE DEFAULT CELL_FLASH_CACHE DEFAULT)
  TABLESPACE "SYSTEM" ;
--------------------------------------------------------
--  DDL for Index KARA_PK
--------------------------------------------------------

  CREATE UNIQUE INDEX "BIBLIOTEKA"."KARA_PK" ON "BIBLIOTEKA"."KARA" ("ID_KARA") 
  PCTFREE 10 INITRANS 2 MAXTRANS 255 COMPUTE STATISTICS 
  STORAGE(INITIAL 65536 NEXT 1048576 MINEXTENTS 1 MAXEXTENTS 2147483645
  PCTINCREASE 0 FREELISTS 1 FREELIST GROUPS 1 BUFFER_POOL DEFAULT FLASH_CACHE DEFAULT CELL_FLASH_CACHE DEFAULT)
  TABLESPACE "SYSTEM" ;
--------------------------------------------------------
--  DDL for Index KATEGORIA_PK
--------------------------------------------------------

  CREATE UNIQUE INDEX "BIBLIOTEKA"."KATEGORIA_PK" ON "BIBLIOTEKA"."KATEGORIA" ("ID_KATEGORIA") 
  PCTFREE 10 INITRANS 2 MAXTRANS 255 COMPUTE STATISTICS 
  STORAGE(INITIAL 65536 NEXT 1048576 MINEXTENTS 1 MAXEXTENTS 2147483645
  PCTINCREASE 0 FREELISTS 1 FREELIST GROUPS 1 BUFFER_POOL DEFAULT FLASH_CACHE DEFAULT CELL_FLASH_CACHE DEFAULT)
  TABLESPACE "SYSTEM" ;
--------------------------------------------------------
--  DDL for Index KSIAZKA_AUTOR_PK
--------------------------------------------------------

  CREATE UNIQUE INDEX "BIBLIOTEKA"."KSIAZKA_AUTOR_PK" ON "BIBLIOTEKA"."KSIAZKA_AUTOR" ("ID_KSIAZKA_AUTOR") 
  PCTFREE 10 INITRANS 2 MAXTRANS 255 COMPUTE STATISTICS 
  STORAGE(INITIAL 65536 NEXT 1048576 MINEXTENTS 1 MAXEXTENTS 2147483645
  PCTINCREASE 0 FREELISTS 1 FREELIST GROUPS 1 BUFFER_POOL DEFAULT FLASH_CACHE DEFAULT CELL_FLASH_CACHE DEFAULT)
  TABLESPACE "SYSTEM" ;
--------------------------------------------------------
--  DDL for Index KSIAZKA_PK
--------------------------------------------------------

  CREATE UNIQUE INDEX "BIBLIOTEKA"."KSIAZKA_PK" ON "BIBLIOTEKA"."KSIAZKA" ("ID_KSIAZKA") 
  PCTFREE 10 INITRANS 2 MAXTRANS 255 COMPUTE STATISTICS 
  STORAGE(INITIAL 65536 NEXT 1048576 MINEXTENTS 1 MAXEXTENTS 2147483645
  PCTINCREASE 0 FREELISTS 1 FREELIST GROUPS 1 BUFFER_POOL DEFAULT FLASH_CACHE DEFAULT CELL_FLASH_CACHE DEFAULT)
  TABLESPACE "SYSTEM" ;
--------------------------------------------------------
--  DDL for Index RODZAJ_KARY_PK
--------------------------------------------------------

  CREATE UNIQUE INDEX "BIBLIOTEKA"."RODZAJ_KARY_PK" ON "BIBLIOTEKA"."RODZAJ_KARY" ("ID_RODZAJ") 
  PCTFREE 10 INITRANS 2 MAXTRANS 255 COMPUTE STATISTICS 
  STORAGE(INITIAL 65536 NEXT 1048576 MINEXTENTS 1 MAXEXTENTS 2147483645
  PCTINCREASE 0 FREELISTS 1 FREELIST GROUPS 1 BUFFER_POOL DEFAULT FLASH_CACHE DEFAULT CELL_FLASH_CACHE DEFAULT)
  TABLESPACE "SYSTEM" ;
--------------------------------------------------------
--  DDL for Index ROLA
--------------------------------------------------------

  CREATE UNIQUE INDEX "BIBLIOTEKA"."ROLA" ON "BIBLIOTEKA"."ROLA" ("ID_ROLA") 
  PCTFREE 10 INITRANS 2 MAXTRANS 255 COMPUTE STATISTICS 
  STORAGE(INITIAL 65536 NEXT 1048576 MINEXTENTS 1 MAXEXTENTS 2147483645
  PCTINCREASE 0 FREELISTS 1 FREELIST GROUPS 1 BUFFER_POOL DEFAULT FLASH_CACHE DEFAULT CELL_FLASH_CACHE DEFAULT)
  TABLESPACE "SYSTEM" ;
--------------------------------------------------------
--  DDL for Index STAN_EGZEMPLARZA_PK
--------------------------------------------------------

  CREATE UNIQUE INDEX "BIBLIOTEKA"."STAN_EGZEMPLARZA_PK" ON "BIBLIOTEKA"."STAN_EGZEMPLARZA" ("ID_STAN") 
  PCTFREE 10 INITRANS 2 MAXTRANS 255 COMPUTE STATISTICS 
  STORAGE(INITIAL 65536 NEXT 1048576 MINEXTENTS 1 MAXEXTENTS 2147483645
  PCTINCREASE 0 FREELISTS 1 FREELIST GROUPS 1 BUFFER_POOL DEFAULT FLASH_CACHE DEFAULT CELL_FLASH_CACHE DEFAULT)
  TABLESPACE "SYSTEM" ;
--------------------------------------------------------
--  DDL for Index UZYTKOWNIK
--------------------------------------------------------

  CREATE UNIQUE INDEX "BIBLIOTEKA"."UZYTKOWNIK" ON "BIBLIOTEKA"."UZYTKOWNIK" ("ID_UZYTKOWNIK") 
  PCTFREE 10 INITRANS 2 MAXTRANS 255 COMPUTE STATISTICS 
  STORAGE(INITIAL 65536 NEXT 1048576 MINEXTENTS 1 MAXEXTENTS 2147483645
  PCTINCREASE 0 FREELISTS 1 FREELIST GROUPS 1 BUFFER_POOL DEFAULT FLASH_CACHE DEFAULT CELL_FLASH_CACHE DEFAULT)
  TABLESPACE "SYSTEM" ;
--------------------------------------------------------
--  DDL for Index UZYTKOWNIK_UNIQUE
--------------------------------------------------------

  CREATE UNIQUE INDEX "BIBLIOTEKA"."UZYTKOWNIK_UNIQUE" ON "BIBLIOTEKA"."UZYTKOWNIK" ("NAZWA_UZYTKOWNIKA") 
  PCTFREE 10 INITRANS 2 MAXTRANS 255 COMPUTE STATISTICS 
  STORAGE(INITIAL 65536 NEXT 1048576 MINEXTENTS 1 MAXEXTENTS 2147483645
  PCTINCREASE 0 FREELISTS 1 FREELIST GROUPS 1 BUFFER_POOL DEFAULT FLASH_CACHE DEFAULT CELL_FLASH_CACHE DEFAULT)
  TABLESPACE "SYSTEM" ;
--------------------------------------------------------
--  DDL for Index WYDAWNICTWO_PK
--------------------------------------------------------

  CREATE UNIQUE INDEX "BIBLIOTEKA"."WYDAWNICTWO_PK" ON "BIBLIOTEKA"."WYDAWNICTWO" ("ID_WYDAWNICTWO") 
  PCTFREE 10 INITRANS 2 MAXTRANS 255 COMPUTE STATISTICS 
  STORAGE(INITIAL 65536 NEXT 1048576 MINEXTENTS 1 MAXEXTENTS 2147483645
  PCTINCREASE 0 FREELISTS 1 FREELIST GROUPS 1 BUFFER_POOL DEFAULT FLASH_CACHE DEFAULT CELL_FLASH_CACHE DEFAULT)
  TABLESPACE "SYSTEM" ;
--------------------------------------------------------
--  DDL for Index WYPOZYCZENIE_PK
--------------------------------------------------------

  CREATE UNIQUE INDEX "BIBLIOTEKA"."WYPOZYCZENIE_PK" ON "BIBLIOTEKA"."WYPOZYCZENIE" ("ID_WYPOZYCZENIE") 
  PCTFREE 10 INITRANS 2 MAXTRANS 255 COMPUTE STATISTICS 
  STORAGE(INITIAL 65536 NEXT 1048576 MINEXTENTS 1 MAXEXTENTS 2147483645
  PCTINCREASE 0 FREELISTS 1 FREELIST GROUPS 1 BUFFER_POOL DEFAULT FLASH_CACHE DEFAULT CELL_FLASH_CACHE DEFAULT)
  TABLESPACE "SYSTEM" ;
--------------------------------------------------------
--  DDL for Index AUTOR_PK
--------------------------------------------------------

  CREATE UNIQUE INDEX "BIBLIOTEKA"."AUTOR_PK" ON "BIBLIOTEKA"."AUTOR" ("ID_AUTOR") 
  PCTFREE 10 INITRANS 2 MAXTRANS 255 COMPUTE STATISTICS 
  STORAGE(INITIAL 65536 NEXT 1048576 MINEXTENTS 1 MAXEXTENTS 2147483645
  PCTINCREASE 0 FREELISTS 1 FREELIST GROUPS 1 BUFFER_POOL DEFAULT FLASH_CACHE DEFAULT CELL_FLASH_CACHE DEFAULT)
  TABLESPACE "SYSTEM" ;
--------------------------------------------------------
--  DDL for Index CZYTELNIK_PK
--------------------------------------------------------

  CREATE UNIQUE INDEX "BIBLIOTEKA"."CZYTELNIK_PK" ON "BIBLIOTEKA"."CZYTELNIK" ("ID_CZYTELNIK") 
  PCTFREE 10 INITRANS 2 MAXTRANS 255 COMPUTE STATISTICS 
  STORAGE(INITIAL 65536 NEXT 1048576 MINEXTENTS 1 MAXEXTENTS 2147483645
  PCTINCREASE 0 FREELISTS 1 FREELIST GROUPS 1 BUFFER_POOL DEFAULT FLASH_CACHE DEFAULT CELL_FLASH_CACHE DEFAULT)
  TABLESPACE "SYSTEM" ;
--------------------------------------------------------
--  DDL for Index EGZEMPLARZ_PK
--------------------------------------------------------

  CREATE UNIQUE INDEX "BIBLIOTEKA"."EGZEMPLARZ_PK" ON "BIBLIOTEKA"."EGZEMPLARZ" ("ISBN") 
  PCTFREE 10 INITRANS 2 MAXTRANS 255 COMPUTE STATISTICS 
  STORAGE(INITIAL 65536 NEXT 1048576 MINEXTENTS 1 MAXEXTENTS 2147483645
  PCTINCREASE 0 FREELISTS 1 FREELIST GROUPS 1 BUFFER_POOL DEFAULT FLASH_CACHE DEFAULT CELL_FLASH_CACHE DEFAULT)
  TABLESPACE "SYSTEM" ;
--------------------------------------------------------
--  DDL for Index KARA_PK
--------------------------------------------------------

  CREATE UNIQUE INDEX "BIBLIOTEKA"."KARA_PK" ON "BIBLIOTEKA"."KARA" ("ID_KARA") 
  PCTFREE 10 INITRANS 2 MAXTRANS 255 COMPUTE STATISTICS 
  STORAGE(INITIAL 65536 NEXT 1048576 MINEXTENTS 1 MAXEXTENTS 2147483645
  PCTINCREASE 0 FREELISTS 1 FREELIST GROUPS 1 BUFFER_POOL DEFAULT FLASH_CACHE DEFAULT CELL_FLASH_CACHE DEFAULT)
  TABLESPACE "SYSTEM" ;
--------------------------------------------------------
--  DDL for Index KATEGORIA_PK
--------------------------------------------------------

  CREATE UNIQUE INDEX "BIBLIOTEKA"."KATEGORIA_PK" ON "BIBLIOTEKA"."KATEGORIA" ("ID_KATEGORIA") 
  PCTFREE 10 INITRANS 2 MAXTRANS 255 COMPUTE STATISTICS 
  STORAGE(INITIAL 65536 NEXT 1048576 MINEXTENTS 1 MAXEXTENTS 2147483645
  PCTINCREASE 0 FREELISTS 1 FREELIST GROUPS 1 BUFFER_POOL DEFAULT FLASH_CACHE DEFAULT CELL_FLASH_CACHE DEFAULT)
  TABLESPACE "SYSTEM" ;
--------------------------------------------------------
--  DDL for Index KSIAZKA_PK
--------------------------------------------------------

  CREATE UNIQUE INDEX "BIBLIOTEKA"."KSIAZKA_PK" ON "BIBLIOTEKA"."KSIAZKA" ("ID_KSIAZKA") 
  PCTFREE 10 INITRANS 2 MAXTRANS 255 COMPUTE STATISTICS 
  STORAGE(INITIAL 65536 NEXT 1048576 MINEXTENTS 1 MAXEXTENTS 2147483645
  PCTINCREASE 0 FREELISTS 1 FREELIST GROUPS 1 BUFFER_POOL DEFAULT FLASH_CACHE DEFAULT CELL_FLASH_CACHE DEFAULT)
  TABLESPACE "SYSTEM" ;
--------------------------------------------------------
--  DDL for Index KSIAZKA_AUTOR_PK
--------------------------------------------------------

  CREATE UNIQUE INDEX "BIBLIOTEKA"."KSIAZKA_AUTOR_PK" ON "BIBLIOTEKA"."KSIAZKA_AUTOR" ("ID_KSIAZKA_AUTOR") 
  PCTFREE 10 INITRANS 2 MAXTRANS 255 COMPUTE STATISTICS 
  STORAGE(INITIAL 65536 NEXT 1048576 MINEXTENTS 1 MAXEXTENTS 2147483645
  PCTINCREASE 0 FREELISTS 1 FREELIST GROUPS 1 BUFFER_POOL DEFAULT FLASH_CACHE DEFAULT CELL_FLASH_CACHE DEFAULT)
  TABLESPACE "SYSTEM" ;
--------------------------------------------------------
--  DDL for Index RODZAJ_KARY_PK
--------------------------------------------------------

  CREATE UNIQUE INDEX "BIBLIOTEKA"."RODZAJ_KARY_PK" ON "BIBLIOTEKA"."RODZAJ_KARY" ("ID_RODZAJ") 
  PCTFREE 10 INITRANS 2 MAXTRANS 255 COMPUTE STATISTICS 
  STORAGE(INITIAL 65536 NEXT 1048576 MINEXTENTS 1 MAXEXTENTS 2147483645
  PCTINCREASE 0 FREELISTS 1 FREELIST GROUPS 1 BUFFER_POOL DEFAULT FLASH_CACHE DEFAULT CELL_FLASH_CACHE DEFAULT)
  TABLESPACE "SYSTEM" ;
--------------------------------------------------------
--  DDL for Index ROLA
--------------------------------------------------------

  CREATE UNIQUE INDEX "BIBLIOTEKA"."ROLA" ON "BIBLIOTEKA"."ROLA" ("ID_ROLA") 
  PCTFREE 10 INITRANS 2 MAXTRANS 255 COMPUTE STATISTICS 
  STORAGE(INITIAL 65536 NEXT 1048576 MINEXTENTS 1 MAXEXTENTS 2147483645
  PCTINCREASE 0 FREELISTS 1 FREELIST GROUPS 1 BUFFER_POOL DEFAULT FLASH_CACHE DEFAULT CELL_FLASH_CACHE DEFAULT)
  TABLESPACE "SYSTEM" ;
--------------------------------------------------------
--  DDL for Index STAN_EGZEMPLARZA_PK
--------------------------------------------------------

  CREATE UNIQUE INDEX "BIBLIOTEKA"."STAN_EGZEMPLARZA_PK" ON "BIBLIOTEKA"."STAN_EGZEMPLARZA" ("ID_STAN") 
  PCTFREE 10 INITRANS 2 MAXTRANS 255 COMPUTE STATISTICS 
  STORAGE(INITIAL 65536 NEXT 1048576 MINEXTENTS 1 MAXEXTENTS 2147483645
  PCTINCREASE 0 FREELISTS 1 FREELIST GROUPS 1 BUFFER_POOL DEFAULT FLASH_CACHE DEFAULT CELL_FLASH_CACHE DEFAULT)
  TABLESPACE "SYSTEM" ;
--------------------------------------------------------
--  DDL for Index UZYTKOWNIK
--------------------------------------------------------

  CREATE UNIQUE INDEX "BIBLIOTEKA"."UZYTKOWNIK" ON "BIBLIOTEKA"."UZYTKOWNIK" ("ID_UZYTKOWNIK") 
  PCTFREE 10 INITRANS 2 MAXTRANS 255 COMPUTE STATISTICS 
  STORAGE(INITIAL 65536 NEXT 1048576 MINEXTENTS 1 MAXEXTENTS 2147483645
  PCTINCREASE 0 FREELISTS 1 FREELIST GROUPS 1 BUFFER_POOL DEFAULT FLASH_CACHE DEFAULT CELL_FLASH_CACHE DEFAULT)
  TABLESPACE "SYSTEM" ;
--------------------------------------------------------
--  DDL for Index UZYTKOWNIK_UNIQUE
--------------------------------------------------------

  CREATE UNIQUE INDEX "BIBLIOTEKA"."UZYTKOWNIK_UNIQUE" ON "BIBLIOTEKA"."UZYTKOWNIK" ("NAZWA_UZYTKOWNIKA") 
  PCTFREE 10 INITRANS 2 MAXTRANS 255 COMPUTE STATISTICS 
  STORAGE(INITIAL 65536 NEXT 1048576 MINEXTENTS 1 MAXEXTENTS 2147483645
  PCTINCREASE 0 FREELISTS 1 FREELIST GROUPS 1 BUFFER_POOL DEFAULT FLASH_CACHE DEFAULT CELL_FLASH_CACHE DEFAULT)
  TABLESPACE "SYSTEM" ;
--------------------------------------------------------
--  DDL for Index WYDAWNICTWO_PK
--------------------------------------------------------

  CREATE UNIQUE INDEX "BIBLIOTEKA"."WYDAWNICTWO_PK" ON "BIBLIOTEKA"."WYDAWNICTWO" ("ID_WYDAWNICTWO") 
  PCTFREE 10 INITRANS 2 MAXTRANS 255 COMPUTE STATISTICS 
  STORAGE(INITIAL 65536 NEXT 1048576 MINEXTENTS 1 MAXEXTENTS 2147483645
  PCTINCREASE 0 FREELISTS 1 FREELIST GROUPS 1 BUFFER_POOL DEFAULT FLASH_CACHE DEFAULT CELL_FLASH_CACHE DEFAULT)
  TABLESPACE "SYSTEM" ;
--------------------------------------------------------
--  DDL for Index WYPOZYCZENIE_PK
--------------------------------------------------------

  CREATE UNIQUE INDEX "BIBLIOTEKA"."WYPOZYCZENIE_PK" ON "BIBLIOTEKA"."WYPOZYCZENIE" ("ID_WYPOZYCZENIE") 
  PCTFREE 10 INITRANS 2 MAXTRANS 255 COMPUTE STATISTICS 
  STORAGE(INITIAL 65536 NEXT 1048576 MINEXTENTS 1 MAXEXTENTS 2147483645
  PCTINCREASE 0 FREELISTS 1 FREELIST GROUPS 1 BUFFER_POOL DEFAULT FLASH_CACHE DEFAULT CELL_FLASH_CACHE DEFAULT)
  TABLESPACE "SYSTEM" ;
--------------------------------------------------------
--  DDL for Trigger AUTOR_ON_INSERT
--------------------------------------------------------

  CREATE OR REPLACE TRIGGER "BIBLIOTEKA"."AUTOR_ON_INSERT" 
BEFORE INSERT ON autor
FOR EACH ROW
BEGIN
  SELECT autor_seq.NEXTVAL
  INTO   :new.id_autor
  FROM   dual;
END;

/
ALTER TRIGGER "BIBLIOTEKA"."AUTOR_ON_INSERT" ENABLE;
--------------------------------------------------------
--  DDL for Trigger CZYTELNIK_ON_INSERT
--------------------------------------------------------

  CREATE OR REPLACE TRIGGER "BIBLIOTEKA"."CZYTELNIK_ON_INSERT" 
BEFORE INSERT ON czytelnik
FOR EACH ROW
BEGIN
  SELECT czytelnik_seq.NEXTVAL
  INTO   :new.id_czytelnik
  FROM   dual;
END;

/
ALTER TRIGGER "BIBLIOTEKA"."CZYTELNIK_ON_INSERT" ENABLE;
--------------------------------------------------------
--  DDL for Trigger KARA_ON_INSERT
--------------------------------------------------------

  CREATE OR REPLACE TRIGGER "BIBLIOTEKA"."KARA_ON_INSERT" 
BEFORE INSERT ON kara
FOR EACH ROW
BEGIN
  SELECT kara_seq.NEXTVAL
  INTO   :new.id_kara
  FROM   dual;
END;

/
ALTER TRIGGER "BIBLIOTEKA"."KARA_ON_INSERT" ENABLE;
--------------------------------------------------------
--  DDL for Trigger KATEGORIA_ON_INSERT
--------------------------------------------------------

  CREATE OR REPLACE TRIGGER "BIBLIOTEKA"."KATEGORIA_ON_INSERT" 
BEFORE INSERT ON kategoria
FOR EACH ROW
BEGIN
  SELECT kategoria_seq.NEXTVAL
  INTO   :new.id_kategoria
  FROM   dual;
END;

/
ALTER TRIGGER "BIBLIOTEKA"."KATEGORIA_ON_INSERT" ENABLE;
--------------------------------------------------------
--  DDL for Trigger KSIAZKA_AUTOR_ON_INSERT
--------------------------------------------------------

  CREATE OR REPLACE TRIGGER "BIBLIOTEKA"."KSIAZKA_AUTOR_ON_INSERT" 
BEFORE INSERT ON ksiazka_autor
FOR EACH ROW
BEGIN
  SELECT ksiazka_autor_seq.NEXTVAL
  INTO   :new.id_ksiazka_autor
  FROM   dual;
END;

/
ALTER TRIGGER "BIBLIOTEKA"."KSIAZKA_AUTOR_ON_INSERT" ENABLE;
--------------------------------------------------------
--  DDL for Trigger KSIAZKA_ON_INSERT
--------------------------------------------------------

  CREATE OR REPLACE TRIGGER "BIBLIOTEKA"."KSIAZKA_ON_INSERT" 
BEFORE INSERT ON ksiazka
FOR EACH ROW
BEGIN
  SELECT ksiazka_seq.NEXTVAL
  INTO   :new.id_ksiazka
  FROM   dual;
END;

/
ALTER TRIGGER "BIBLIOTEKA"."KSIAZKA_ON_INSERT" ENABLE;
--------------------------------------------------------
--  DDL for Trigger RODZAJ_KARY_ON_INSERT
--------------------------------------------------------

  CREATE OR REPLACE TRIGGER "BIBLIOTEKA"."RODZAJ_KARY_ON_INSERT" 
BEFORE INSERT ON rodzaj_kary
FOR EACH ROW
BEGIN
  SELECT rodzaj_kary_seq.NEXTVAL
  INTO   :new.id_rodzaj
  FROM   dual;
END;

/
ALTER TRIGGER "BIBLIOTEKA"."RODZAJ_KARY_ON_INSERT" ENABLE;
--------------------------------------------------------
--  DDL for Trigger ROLA_BEFORE_INSERT
--------------------------------------------------------

  CREATE OR REPLACE TRIGGER "BIBLIOTEKA"."ROLA_BEFORE_INSERT" 
BEFORE INSERT ON rola
FOR EACH ROW
BEGIN
  SELECT rola_seq.NEXTVAL
  INTO   :new.id_rola
  FROM   dual;
END;

/
ALTER TRIGGER "BIBLIOTEKA"."ROLA_BEFORE_INSERT" ENABLE;
--------------------------------------------------------
--  DDL for Trigger STAN_EGZEMPLARZA_ON_INSERT
--------------------------------------------------------

  CREATE OR REPLACE TRIGGER "BIBLIOTEKA"."STAN_EGZEMPLARZA_ON_INSERT" 
BEFORE INSERT ON stan_egzemplarza
FOR EACH ROW
BEGIN
  SELECT stan_egzemplarza_seq.NEXTVAL
  INTO   :new.id_stan
  FROM   dual;
END;

/
ALTER TRIGGER "BIBLIOTEKA"."STAN_EGZEMPLARZA_ON_INSERT" ENABLE;
--------------------------------------------------------
--  DDL for Trigger UZYTKOWNIK_BEFORE_INSERT
--------------------------------------------------------

  CREATE OR REPLACE TRIGGER "BIBLIOTEKA"."UZYTKOWNIK_BEFORE_INSERT" 
BEFORE INSERT ON uzytkownik
FOR EACH ROW
BEGIN
  SELECT uzytkownik_seq.NEXTVAL
  INTO   :new.id_uzytkownik
  FROM   dual;
END;

/
ALTER TRIGGER "BIBLIOTEKA"."UZYTKOWNIK_BEFORE_INSERT" ENABLE;
--------------------------------------------------------
--  DDL for Trigger WYDAWNICTWO_ON_INSERT
--------------------------------------------------------

  CREATE OR REPLACE TRIGGER "BIBLIOTEKA"."WYDAWNICTWO_ON_INSERT" 
BEFORE INSERT ON wydawnictwo
FOR EACH ROW
BEGIN
  SELECT wydawnictwo_seq.NEXTVAL
  INTO   :new.id_wydawnictwo
  FROM   dual;
END;

/
ALTER TRIGGER "BIBLIOTEKA"."WYDAWNICTWO_ON_INSERT" ENABLE;
--------------------------------------------------------
--  DDL for Trigger WYPOZYCZENIE_ON_INSERT
--------------------------------------------------------

  CREATE OR REPLACE TRIGGER "BIBLIOTEKA"."WYPOZYCZENIE_ON_INSERT" 
BEFORE INSERT ON wypozyczenie
FOR EACH ROW
BEGIN
  SELECT wypozyczenie_seq.NEXTVAL
  INTO   :new.id_wypozyczenie
  FROM   dual;
END;

/
ALTER TRIGGER "BIBLIOTEKA"."WYPOZYCZENIE_ON_INSERT" ENABLE;
--------------------------------------------------------
--  DDL for Trigger AUTOR_ON_INSERT
--------------------------------------------------------

  CREATE OR REPLACE TRIGGER "BIBLIOTEKA"."AUTOR_ON_INSERT" 
BEFORE INSERT ON autor
FOR EACH ROW
BEGIN
  SELECT autor_seq.NEXTVAL
  INTO   :new.id_autor
  FROM   dual;
END;

/
ALTER TRIGGER "BIBLIOTEKA"."AUTOR_ON_INSERT" ENABLE;
--------------------------------------------------------
--  DDL for Trigger CZYTELNIK_ON_INSERT
--------------------------------------------------------

  CREATE OR REPLACE TRIGGER "BIBLIOTEKA"."CZYTELNIK_ON_INSERT" 
BEFORE INSERT ON czytelnik
FOR EACH ROW
BEGIN
  SELECT czytelnik_seq.NEXTVAL
  INTO   :new.id_czytelnik
  FROM   dual;
END;

/
ALTER TRIGGER "BIBLIOTEKA"."CZYTELNIK_ON_INSERT" ENABLE;
--------------------------------------------------------
--  DDL for Trigger KARA_ON_INSERT
--------------------------------------------------------

  CREATE OR REPLACE TRIGGER "BIBLIOTEKA"."KARA_ON_INSERT" 
BEFORE INSERT ON kara
FOR EACH ROW
BEGIN
  SELECT kara_seq.NEXTVAL
  INTO   :new.id_kara
  FROM   dual;
END;

/
ALTER TRIGGER "BIBLIOTEKA"."KARA_ON_INSERT" ENABLE;
--------------------------------------------------------
--  DDL for Trigger KATEGORIA_ON_INSERT
--------------------------------------------------------

  CREATE OR REPLACE TRIGGER "BIBLIOTEKA"."KATEGORIA_ON_INSERT" 
BEFORE INSERT ON kategoria
FOR EACH ROW
BEGIN
  SELECT kategoria_seq.NEXTVAL
  INTO   :new.id_kategoria
  FROM   dual;
END;

/
ALTER TRIGGER "BIBLIOTEKA"."KATEGORIA_ON_INSERT" ENABLE;
--------------------------------------------------------
--  DDL for Trigger KSIAZKA_ON_INSERT
--------------------------------------------------------

  CREATE OR REPLACE TRIGGER "BIBLIOTEKA"."KSIAZKA_ON_INSERT" 
BEFORE INSERT ON ksiazka
FOR EACH ROW
BEGIN
  SELECT ksiazka_seq.NEXTVAL
  INTO   :new.id_ksiazka
  FROM   dual;
END;

/
ALTER TRIGGER "BIBLIOTEKA"."KSIAZKA_ON_INSERT" ENABLE;
--------------------------------------------------------
--  DDL for Trigger KSIAZKA_AUTOR_ON_INSERT
--------------------------------------------------------

  CREATE OR REPLACE TRIGGER "BIBLIOTEKA"."KSIAZKA_AUTOR_ON_INSERT" 
BEFORE INSERT ON ksiazka_autor
FOR EACH ROW
BEGIN
  SELECT ksiazka_autor_seq.NEXTVAL
  INTO   :new.id_ksiazka_autor
  FROM   dual;
END;

/
ALTER TRIGGER "BIBLIOTEKA"."KSIAZKA_AUTOR_ON_INSERT" ENABLE;
--------------------------------------------------------
--  DDL for Trigger RODZAJ_KARY_ON_INSERT
--------------------------------------------------------

  CREATE OR REPLACE TRIGGER "BIBLIOTEKA"."RODZAJ_KARY_ON_INSERT" 
BEFORE INSERT ON rodzaj_kary
FOR EACH ROW
BEGIN
  SELECT rodzaj_kary_seq.NEXTVAL
  INTO   :new.id_rodzaj
  FROM   dual;
END;

/
ALTER TRIGGER "BIBLIOTEKA"."RODZAJ_KARY_ON_INSERT" ENABLE;
--------------------------------------------------------
--  DDL for Trigger ROLA_BEFORE_INSERT
--------------------------------------------------------

  CREATE OR REPLACE TRIGGER "BIBLIOTEKA"."ROLA_BEFORE_INSERT" 
BEFORE INSERT ON rola
FOR EACH ROW
BEGIN
  SELECT rola_seq.NEXTVAL
  INTO   :new.id_rola
  FROM   dual;
END;

/
ALTER TRIGGER "BIBLIOTEKA"."ROLA_BEFORE_INSERT" ENABLE;
--------------------------------------------------------
--  DDL for Trigger STAN_EGZEMPLARZA_ON_INSERT
--------------------------------------------------------

  CREATE OR REPLACE TRIGGER "BIBLIOTEKA"."STAN_EGZEMPLARZA_ON_INSERT" 
BEFORE INSERT ON stan_egzemplarza
FOR EACH ROW
BEGIN
  SELECT stan_egzemplarza_seq.NEXTVAL
  INTO   :new.id_stan
  FROM   dual;
END;

/
ALTER TRIGGER "BIBLIOTEKA"."STAN_EGZEMPLARZA_ON_INSERT" ENABLE;
--------------------------------------------------------
--  DDL for Trigger UZYTKOWNIK_BEFORE_INSERT
--------------------------------------------------------

  CREATE OR REPLACE TRIGGER "BIBLIOTEKA"."UZYTKOWNIK_BEFORE_INSERT" 
BEFORE INSERT ON uzytkownik
FOR EACH ROW
BEGIN
  SELECT uzytkownik_seq.NEXTVAL
  INTO   :new.id_uzytkownik
  FROM   dual;
END;

/
ALTER TRIGGER "BIBLIOTEKA"."UZYTKOWNIK_BEFORE_INSERT" ENABLE;
--------------------------------------------------------
--  DDL for Trigger WYDAWNICTWO_ON_INSERT
--------------------------------------------------------

  CREATE OR REPLACE TRIGGER "BIBLIOTEKA"."WYDAWNICTWO_ON_INSERT" 
BEFORE INSERT ON wydawnictwo
FOR EACH ROW
BEGIN
  SELECT wydawnictwo_seq.NEXTVAL
  INTO   :new.id_wydawnictwo
  FROM   dual;
END;

/
ALTER TRIGGER "BIBLIOTEKA"."WYDAWNICTWO_ON_INSERT" ENABLE;
--------------------------------------------------------
--  DDL for Trigger WYPOZYCZENIE_ON_INSERT
--------------------------------------------------------

  CREATE OR REPLACE TRIGGER "BIBLIOTEKA"."WYPOZYCZENIE_ON_INSERT" 
BEFORE INSERT ON wypozyczenie
FOR EACH ROW
BEGIN
  SELECT wypozyczenie_seq.NEXTVAL
  INTO   :new.id_wypozyczenie
  FROM   dual;
END;

/
ALTER TRIGGER "BIBLIOTEKA"."WYPOZYCZENIE_ON_INSERT" ENABLE;
--------------------------------------------------------
--  Constraints for Table AUTOR
--------------------------------------------------------

  ALTER TABLE "BIBLIOTEKA"."AUTOR" ADD CONSTRAINT "AUTOR_PK" PRIMARY KEY ("ID_AUTOR")
  USING INDEX PCTFREE 10 INITRANS 2 MAXTRANS 255 COMPUTE STATISTICS 
  STORAGE(INITIAL 65536 NEXT 1048576 MINEXTENTS 1 MAXEXTENTS 2147483645
  PCTINCREASE 0 FREELISTS 1 FREELIST GROUPS 1 BUFFER_POOL DEFAULT FLASH_CACHE DEFAULT CELL_FLASH_CACHE DEFAULT)
  TABLESPACE "SYSTEM"  ENABLE;
  ALTER TABLE "BIBLIOTEKA"."AUTOR" MODIFY ("NAZWISKO" NOT NULL ENABLE);
  ALTER TABLE "BIBLIOTEKA"."AUTOR" MODIFY ("IMIE" NOT NULL ENABLE);
  ALTER TABLE "BIBLIOTEKA"."AUTOR" MODIFY ("ID_AUTOR" NOT NULL ENABLE);
--------------------------------------------------------
--  Constraints for Table CZYTELNIK
--------------------------------------------------------

  ALTER TABLE "BIBLIOTEKA"."CZYTELNIK" ADD CONSTRAINT "CZYTELNIK_PK" PRIMARY KEY ("ID_CZYTELNIK")
  USING INDEX PCTFREE 10 INITRANS 2 MAXTRANS 255 COMPUTE STATISTICS 
  STORAGE(INITIAL 65536 NEXT 1048576 MINEXTENTS 1 MAXEXTENTS 2147483645
  PCTINCREASE 0 FREELISTS 1 FREELIST GROUPS 1 BUFFER_POOL DEFAULT FLASH_CACHE DEFAULT CELL_FLASH_CACHE DEFAULT)
  TABLESPACE "SYSTEM"  ENABLE;
  ALTER TABLE "BIBLIOTEKA"."CZYTELNIK" MODIFY ("EMAIL" NOT NULL ENABLE);
  ALTER TABLE "BIBLIOTEKA"."CZYTELNIK" MODIFY ("MIEJSCOWOSC" NOT NULL ENABLE);
  ALTER TABLE "BIBLIOTEKA"."CZYTELNIK" MODIFY ("KOD_POCZTOWY" NOT NULL ENABLE);
  ALTER TABLE "BIBLIOTEKA"."CZYTELNIK" MODIFY ("NR_DOMU" NOT NULL ENABLE);
  ALTER TABLE "BIBLIOTEKA"."CZYTELNIK" MODIFY ("ULICA" NOT NULL ENABLE);
  ALTER TABLE "BIBLIOTEKA"."CZYTELNIK" MODIFY ("DATA_URODZENIA" NOT NULL ENABLE);
  ALTER TABLE "BIBLIOTEKA"."CZYTELNIK" MODIFY ("NAZWISKO" NOT NULL ENABLE);
  ALTER TABLE "BIBLIOTEKA"."CZYTELNIK" MODIFY ("IMIE" NOT NULL ENABLE);
  ALTER TABLE "BIBLIOTEKA"."CZYTELNIK" MODIFY ("ID_CZYTELNIK" NOT NULL ENABLE);
--------------------------------------------------------
--  Constraints for Table EGZEMPLARZ
--------------------------------------------------------

  ALTER TABLE "BIBLIOTEKA"."EGZEMPLARZ" ADD CONSTRAINT "EGZEMPLARZ_PK" PRIMARY KEY ("ISBN")
  USING INDEX PCTFREE 10 INITRANS 2 MAXTRANS 255 COMPUTE STATISTICS 
  STORAGE(INITIAL 65536 NEXT 1048576 MINEXTENTS 1 MAXEXTENTS 2147483645
  PCTINCREASE 0 FREELISTS 1 FREELIST GROUPS 1 BUFFER_POOL DEFAULT FLASH_CACHE DEFAULT CELL_FLASH_CACHE DEFAULT)
  TABLESPACE "SYSTEM"  ENABLE;
  ALTER TABLE "BIBLIOTEKA"."EGZEMPLARZ" MODIFY ("ID_KSIAZKA" NOT NULL ENABLE);
  ALTER TABLE "BIBLIOTEKA"."EGZEMPLARZ" MODIFY ("ISBN" NOT NULL ENABLE);
--------------------------------------------------------
--  Constraints for Table KARA
--------------------------------------------------------

  ALTER TABLE "BIBLIOTEKA"."KARA" ADD CONSTRAINT "KARA_PK" PRIMARY KEY ("ID_KARA")
  USING INDEX PCTFREE 10 INITRANS 2 MAXTRANS 255 COMPUTE STATISTICS 
  STORAGE(INITIAL 65536 NEXT 1048576 MINEXTENTS 1 MAXEXTENTS 2147483645
  PCTINCREASE 0 FREELISTS 1 FREELIST GROUPS 1 BUFFER_POOL DEFAULT FLASH_CACHE DEFAULT CELL_FLASH_CACHE DEFAULT)
  TABLESPACE "SYSTEM"  ENABLE;
  ALTER TABLE "BIBLIOTEKA"."KARA" MODIFY ("TERMIN_ZAPLATY" NOT NULL ENABLE);
  ALTER TABLE "BIBLIOTEKA"."KARA" MODIFY ("DATA_WYSTAWIENIA" NOT NULL ENABLE);
  ALTER TABLE "BIBLIOTEKA"."KARA" MODIFY ("KWOTA" NOT NULL ENABLE);
  ALTER TABLE "BIBLIOTEKA"."KARA" MODIFY ("ID_RODZAJ" NOT NULL ENABLE);
  ALTER TABLE "BIBLIOTEKA"."KARA" MODIFY ("ID_WYPOZYCZENIE" NOT NULL ENABLE);
  ALTER TABLE "BIBLIOTEKA"."KARA" MODIFY ("ID_KARA" NOT NULL ENABLE);
--------------------------------------------------------
--  Constraints for Table KATEGORIA
--------------------------------------------------------

  ALTER TABLE "BIBLIOTEKA"."KATEGORIA" ADD CONSTRAINT "KATEGORIA_PK" PRIMARY KEY ("ID_KATEGORIA")
  USING INDEX PCTFREE 10 INITRANS 2 MAXTRANS 255 COMPUTE STATISTICS 
  STORAGE(INITIAL 65536 NEXT 1048576 MINEXTENTS 1 MAXEXTENTS 2147483645
  PCTINCREASE 0 FREELISTS 1 FREELIST GROUPS 1 BUFFER_POOL DEFAULT FLASH_CACHE DEFAULT CELL_FLASH_CACHE DEFAULT)
  TABLESPACE "SYSTEM"  ENABLE;
  ALTER TABLE "BIBLIOTEKA"."KATEGORIA" MODIFY ("NAZWA" NOT NULL ENABLE);
  ALTER TABLE "BIBLIOTEKA"."KATEGORIA" MODIFY ("ID_KATEGORIA" NOT NULL ENABLE);
--------------------------------------------------------
--  Constraints for Table KSIAZKA
--------------------------------------------------------

  ALTER TABLE "BIBLIOTEKA"."KSIAZKA" ADD CONSTRAINT "KSIAZKA_PK" PRIMARY KEY ("ID_KSIAZKA")
  USING INDEX PCTFREE 10 INITRANS 2 MAXTRANS 255 COMPUTE STATISTICS 
  STORAGE(INITIAL 65536 NEXT 1048576 MINEXTENTS 1 MAXEXTENTS 2147483645
  PCTINCREASE 0 FREELISTS 1 FREELIST GROUPS 1 BUFFER_POOL DEFAULT FLASH_CACHE DEFAULT CELL_FLASH_CACHE DEFAULT)
  TABLESPACE "SYSTEM"  ENABLE;
  ALTER TABLE "BIBLIOTEKA"."KSIAZKA" MODIFY ("ID_KATEGORIA" NOT NULL ENABLE);
  ALTER TABLE "BIBLIOTEKA"."KSIAZKA" MODIFY ("ID_WYDAWNICTWO" NOT NULL ENABLE);
  ALTER TABLE "BIBLIOTEKA"."KSIAZKA" MODIFY ("TYTUL" NOT NULL ENABLE);
  ALTER TABLE "BIBLIOTEKA"."KSIAZKA" MODIFY ("ID_KSIAZKA" NOT NULL ENABLE);
--------------------------------------------------------
--  Constraints for Table KSIAZKA_AUTOR
--------------------------------------------------------

  ALTER TABLE "BIBLIOTEKA"."KSIAZKA_AUTOR" ADD CONSTRAINT "KSIAZKA_AUTOR_PK" PRIMARY KEY ("ID_KSIAZKA_AUTOR")
  USING INDEX PCTFREE 10 INITRANS 2 MAXTRANS 255 COMPUTE STATISTICS 
  STORAGE(INITIAL 65536 NEXT 1048576 MINEXTENTS 1 MAXEXTENTS 2147483645
  PCTINCREASE 0 FREELISTS 1 FREELIST GROUPS 1 BUFFER_POOL DEFAULT FLASH_CACHE DEFAULT CELL_FLASH_CACHE DEFAULT)
  TABLESPACE "SYSTEM"  ENABLE;
  ALTER TABLE "BIBLIOTEKA"."KSIAZKA_AUTOR" MODIFY ("ID_AUTOR" NOT NULL ENABLE);
  ALTER TABLE "BIBLIOTEKA"."KSIAZKA_AUTOR" MODIFY ("ID_KSIAZKA" NOT NULL ENABLE);
  ALTER TABLE "BIBLIOTEKA"."KSIAZKA_AUTOR" MODIFY ("ID_KSIAZKA_AUTOR" NOT NULL ENABLE);
--------------------------------------------------------
--  Constraints for Table RODZAJ_KARY
--------------------------------------------------------

  ALTER TABLE "BIBLIOTEKA"."RODZAJ_KARY" ADD CONSTRAINT "RODZAJ_KARY_PK" PRIMARY KEY ("ID_RODZAJ")
  USING INDEX PCTFREE 10 INITRANS 2 MAXTRANS 255 COMPUTE STATISTICS 
  STORAGE(INITIAL 65536 NEXT 1048576 MINEXTENTS 1 MAXEXTENTS 2147483645
  PCTINCREASE 0 FREELISTS 1 FREELIST GROUPS 1 BUFFER_POOL DEFAULT FLASH_CACHE DEFAULT CELL_FLASH_CACHE DEFAULT)
  TABLESPACE "SYSTEM"  ENABLE;
  ALTER TABLE "BIBLIOTEKA"."RODZAJ_KARY" MODIFY ("KWOTA" NOT NULL ENABLE);
  ALTER TABLE "BIBLIOTEKA"."RODZAJ_KARY" MODIFY ("NAZWA" NOT NULL ENABLE);
  ALTER TABLE "BIBLIOTEKA"."RODZAJ_KARY" MODIFY ("ID_RODZAJ" NOT NULL ENABLE);
--------------------------------------------------------
--  Constraints for Table ROLA
--------------------------------------------------------

  ALTER TABLE "BIBLIOTEKA"."ROLA" ADD CONSTRAINT "ROLA" PRIMARY KEY ("ID_ROLA")
  USING INDEX PCTFREE 10 INITRANS 2 MAXTRANS 255 COMPUTE STATISTICS 
  STORAGE(INITIAL 65536 NEXT 1048576 MINEXTENTS 1 MAXEXTENTS 2147483645
  PCTINCREASE 0 FREELISTS 1 FREELIST GROUPS 1 BUFFER_POOL DEFAULT FLASH_CACHE DEFAULT CELL_FLASH_CACHE DEFAULT)
  TABLESPACE "SYSTEM"  ENABLE;
  ALTER TABLE "BIBLIOTEKA"."ROLA" MODIFY ("NAZWA" NOT NULL ENABLE);
  ALTER TABLE "BIBLIOTEKA"."ROLA" MODIFY ("ID_ROLA" NOT NULL ENABLE);
--------------------------------------------------------
--  Constraints for Table STAN_EGZEMPLARZA
--------------------------------------------------------

  ALTER TABLE "BIBLIOTEKA"."STAN_EGZEMPLARZA" MODIFY ("NAZWA" NOT NULL ENABLE);
  ALTER TABLE "BIBLIOTEKA"."STAN_EGZEMPLARZA" MODIFY ("ID_STAN" NOT NULL ENABLE);
  ALTER TABLE "BIBLIOTEKA"."STAN_EGZEMPLARZA" ADD CONSTRAINT "STAN_EGZEMPLARZA_PK" PRIMARY KEY ("ID_STAN")
  USING INDEX PCTFREE 10 INITRANS 2 MAXTRANS 255 COMPUTE STATISTICS 
  STORAGE(INITIAL 65536 NEXT 1048576 MINEXTENTS 1 MAXEXTENTS 2147483645
  PCTINCREASE 0 FREELISTS 1 FREELIST GROUPS 1 BUFFER_POOL DEFAULT FLASH_CACHE DEFAULT CELL_FLASH_CACHE DEFAULT)
  TABLESPACE "SYSTEM"  ENABLE;
--------------------------------------------------------
--  Constraints for Table UZYTKOWNIK
--------------------------------------------------------

  ALTER TABLE "BIBLIOTEKA"."UZYTKOWNIK" ADD CONSTRAINT "UZYTKOWNIK_UNIQUE" UNIQUE ("NAZWA_UZYTKOWNIKA")
  USING INDEX PCTFREE 10 INITRANS 2 MAXTRANS 255 COMPUTE STATISTICS 
  STORAGE(INITIAL 65536 NEXT 1048576 MINEXTENTS 1 MAXEXTENTS 2147483645
  PCTINCREASE 0 FREELISTS 1 FREELIST GROUPS 1 BUFFER_POOL DEFAULT FLASH_CACHE DEFAULT CELL_FLASH_CACHE DEFAULT)
  TABLESPACE "SYSTEM"  ENABLE;
  ALTER TABLE "BIBLIOTEKA"."UZYTKOWNIK" ADD CONSTRAINT "UZYTKOWNIK" PRIMARY KEY ("ID_UZYTKOWNIK")
  USING INDEX PCTFREE 10 INITRANS 2 MAXTRANS 255 COMPUTE STATISTICS 
  STORAGE(INITIAL 65536 NEXT 1048576 MINEXTENTS 1 MAXEXTENTS 2147483645
  PCTINCREASE 0 FREELISTS 1 FREELIST GROUPS 1 BUFFER_POOL DEFAULT FLASH_CACHE DEFAULT CELL_FLASH_CACHE DEFAULT)
  TABLESPACE "SYSTEM"  ENABLE;
  ALTER TABLE "BIBLIOTEKA"."UZYTKOWNIK" MODIFY ("ID_ROLA" NOT NULL ENABLE);
  ALTER TABLE "BIBLIOTEKA"."UZYTKOWNIK" MODIFY ("HASHHASLO" NOT NULL ENABLE);
  ALTER TABLE "BIBLIOTEKA"."UZYTKOWNIK" MODIFY ("NAZWA_UZYTKOWNIKA" NOT NULL ENABLE);
  ALTER TABLE "BIBLIOTEKA"."UZYTKOWNIK" MODIFY ("ID_UZYTKOWNIK" NOT NULL ENABLE);
--------------------------------------------------------
--  Constraints for Table WYDAWNICTWO
--------------------------------------------------------

  ALTER TABLE "BIBLIOTEKA"."WYDAWNICTWO" ADD CONSTRAINT "WYDAWNICTWO_PK" PRIMARY KEY ("ID_WYDAWNICTWO")
  USING INDEX PCTFREE 10 INITRANS 2 MAXTRANS 255 COMPUTE STATISTICS 
  STORAGE(INITIAL 65536 NEXT 1048576 MINEXTENTS 1 MAXEXTENTS 2147483645
  PCTINCREASE 0 FREELISTS 1 FREELIST GROUPS 1 BUFFER_POOL DEFAULT FLASH_CACHE DEFAULT CELL_FLASH_CACHE DEFAULT)
  TABLESPACE "SYSTEM"  ENABLE;
  ALTER TABLE "BIBLIOTEKA"."WYDAWNICTWO" MODIFY ("NAZWA" NOT NULL ENABLE);
  ALTER TABLE "BIBLIOTEKA"."WYDAWNICTWO" MODIFY ("ID_WYDAWNICTWO" NOT NULL ENABLE);
--------------------------------------------------------
--  Constraints for Table WYPOZYCZENIE
--------------------------------------------------------

  ALTER TABLE "BIBLIOTEKA"."WYPOZYCZENIE" ADD CONSTRAINT "WYPOZYCZENIE_PK" PRIMARY KEY ("ID_WYPOZYCZENIE")
  USING INDEX PCTFREE 10 INITRANS 2 MAXTRANS 255 COMPUTE STATISTICS 
  STORAGE(INITIAL 65536 NEXT 1048576 MINEXTENTS 1 MAXEXTENTS 2147483645
  PCTINCREASE 0 FREELISTS 1 FREELIST GROUPS 1 BUFFER_POOL DEFAULT FLASH_CACHE DEFAULT CELL_FLASH_CACHE DEFAULT)
  TABLESPACE "SYSTEM"  ENABLE;
  ALTER TABLE "BIBLIOTEKA"."WYPOZYCZENIE" MODIFY ("DATA_PLAN_ZWROTU" NOT NULL ENABLE);
  ALTER TABLE "BIBLIOTEKA"."WYPOZYCZENIE" MODIFY ("DATA_WYPOZYCZENIA" NOT NULL ENABLE);
  ALTER TABLE "BIBLIOTEKA"."WYPOZYCZENIE" MODIFY ("ISBN" NOT NULL ENABLE);
  ALTER TABLE "BIBLIOTEKA"."WYPOZYCZENIE" MODIFY ("ID_CZYTELNIK" NOT NULL ENABLE);
  ALTER TABLE "BIBLIOTEKA"."WYPOZYCZENIE" MODIFY ("ID_WYPOZYCZENIE" NOT NULL ENABLE);
--------------------------------------------------------
--  Ref Constraints for Table EGZEMPLARZ
--------------------------------------------------------

  ALTER TABLE "BIBLIOTEKA"."EGZEMPLARZ" ADD CONSTRAINT "EGZEMPLARZ_KSIAZKA_FK" FOREIGN KEY ("ID_KSIAZKA")
	  REFERENCES "BIBLIOTEKA"."KSIAZKA" ("ID_KSIAZKA") ENABLE;
  ALTER TABLE "BIBLIOTEKA"."EGZEMPLARZ" ADD CONSTRAINT "EGZEMPLARZ_STAN_EGZEMPLARZA_FK" FOREIGN KEY ("ID_STAN")
	  REFERENCES "BIBLIOTEKA"."STAN_EGZEMPLARZA" ("ID_STAN") ENABLE;
--------------------------------------------------------
--  Ref Constraints for Table KARA
--------------------------------------------------------

  ALTER TABLE "BIBLIOTEKA"."KARA" ADD CONSTRAINT "KARA_RODZAJ_KARY_FK" FOREIGN KEY ("ID_RODZAJ")
	  REFERENCES "BIBLIOTEKA"."RODZAJ_KARY" ("ID_RODZAJ") ENABLE;
  ALTER TABLE "BIBLIOTEKA"."KARA" ADD CONSTRAINT "KARA_WYPOZYCZENIE_FK" FOREIGN KEY ("ID_WYPOZYCZENIE")
	  REFERENCES "BIBLIOTEKA"."WYPOZYCZENIE" ("ID_WYPOZYCZENIE") ENABLE;
--------------------------------------------------------
--  Ref Constraints for Table KSIAZKA
--------------------------------------------------------

  ALTER TABLE "BIBLIOTEKA"."KSIAZKA" ADD CONSTRAINT "KSIAZKA_KATEGORIA_FK" FOREIGN KEY ("ID_KATEGORIA")
	  REFERENCES "BIBLIOTEKA"."KATEGORIA" ("ID_KATEGORIA") ENABLE;
  ALTER TABLE "BIBLIOTEKA"."KSIAZKA" ADD CONSTRAINT "KSIAZKA_WYDAWNICTWO_FK" FOREIGN KEY ("ID_WYDAWNICTWO")
	  REFERENCES "BIBLIOTEKA"."WYDAWNICTWO" ("ID_WYDAWNICTWO") ENABLE;
--------------------------------------------------------
--  Ref Constraints for Table KSIAZKA_AUTOR
--------------------------------------------------------

  ALTER TABLE "BIBLIOTEKA"."KSIAZKA_AUTOR" ADD CONSTRAINT "KSIAZKA_AUTOR_AUTOR_FK" FOREIGN KEY ("ID_AUTOR")
	  REFERENCES "BIBLIOTEKA"."AUTOR" ("ID_AUTOR") ENABLE;
  ALTER TABLE "BIBLIOTEKA"."KSIAZKA_AUTOR" ADD CONSTRAINT "KSIAZKA_AUTOR_KSIAZKA_FK" FOREIGN KEY ("ID_KSIAZKA")
	  REFERENCES "BIBLIOTEKA"."KSIAZKA" ("ID_KSIAZKA") ENABLE;
--------------------------------------------------------
--  Ref Constraints for Table UZYTKOWNIK
--------------------------------------------------------

  ALTER TABLE "BIBLIOTEKA"."UZYTKOWNIK" ADD CONSTRAINT "UZYTKOWNIK_ROLA_FK" FOREIGN KEY ("ID_ROLA")
	  REFERENCES "BIBLIOTEKA"."ROLA" ("ID_ROLA") ENABLE;
--------------------------------------------------------
--  Ref Constraints for Table WYPOZYCZENIE
--------------------------------------------------------

  ALTER TABLE "BIBLIOTEKA"."WYPOZYCZENIE" ADD CONSTRAINT "WYPOZYCZENIE_CZYTELNIK_FK" FOREIGN KEY ("ID_CZYTELNIK")
	  REFERENCES "BIBLIOTEKA"."CZYTELNIK" ("ID_CZYTELNIK") ENABLE;
  ALTER TABLE "BIBLIOTEKA"."WYPOZYCZENIE" ADD CONSTRAINT "WYPOZYCZENIE_EGZEMPLARZ_FK" FOREIGN KEY ("ISBN")
	  REFERENCES "BIBLIOTEKA"."EGZEMPLARZ" ("ISBN") ENABLE;
